protocol,condition,display_name,condition_type,method,n_train,class_id,label_name,support,precision,recall,f1,held_out_group,n_test,stress_test_note
stratified_train_val,frequency_only,Frequency only,metadata_only,balanced_logistic_regression,10355,0,1_1H,131,1.0,1.0,1.0,,,
stratified_train_val,frequency_only,Frequency only,metadata_only,balanced_logistic_regression,10355,1,1_1T,134,1.0,1.0,1.0,,,
stratified_train_val,frequency_only,Frequency only,metadata_only,balanced_logistic_regression,10355,2,1_2,147,0.9078947368421053,0.9387755102040817,0.923076923076923,,,
stratified_train_val,frequency_only,Frequency only,metadata_only,balanced_logistic_regression,10355,3,2_1,154,0.9395973154362416,0.9090909090909091,0.9240924092409241,,,
stratified_train_val,frequency_only,Frequency only,metadata_only,balanced_logistic_regression,10355,4,higher,2023,1.0,1.0,1.0,,,
stratified_train_val,frequency_only,Frequency only,metadata_only,random_forest,10355,0,1_1H,131,1.0,1.0,1.0,,,
stratified_train_val,frequency_only,Frequency only,metadata_only,random_forest,10355,1,1_1T,134,1.0,1.0,1.0,,,
stratified_train_val,frequency_only,Frequency only,metadata_only,random_forest,10355,2,1_2,147,0.9858156028368794,0.9455782312925171,0.9652777777777778,,,
stratified_train_val,frequency_only,Frequency only,metadata_only,random_forest,10355,3,2_1,154,0.95,0.987012987012987,0.9681528662420381,,,
stratified_train_val,frequency_only,Frequency only,metadata_only,random_forest,10355,4,higher,2023,1.0,1.0,1.0,,,
stratified_train_val,v6_1_embedding_only,v6.1 embedding only,embedding_only,balanced_logistic_regression,10355,0,1_1H,131,0.8775510204081632,0.9847328244274809,0.9280575539568345,,,
stratified_train_val,v6_1_embedding_only,v6.1 embedding only,embedding_only,balanced_logistic_regression,10355,1,1_1T,134,0.9357142857142857,0.9776119402985075,0.9562043795620438,,,
stratified_train_val,v6_1_embedding_only,v6.1 embedding only,embedding_only,balanced_logistic_regression,10355,2,1_2,147,0.8742138364779874,0.9455782312925171,0.9084967320261439,,,
stratified_train_val,v6_1_embedding_only,v6.1 embedding only,embedding_only,balanced_logistic_regression,10355,3,2_1,154,0.8103448275862069,0.9155844155844156,0.8597560975609756,,,
stratified_train_val,v6_1_embedding_only,v6.1 embedding only,embedding_only,balanced_logistic_regression,10355,4,higher,2023,0.9974606399187405,0.9708353929807217,0.9839679358717435,,,
stratified_train_val,v6_1_embedding_only,v6.1 embedding only,embedding_only,random_forest,10355,0,1_1H,131,0.9841269841269841,0.9465648854961832,0.9649805447470817,,,
stratified_train_val,v6_1_embedding_only,v6.1 embedding only,embedding_only,random_forest,10355,1,1_1T,134,0.9637681159420289,0.9925373134328358,0.9779411764705882,,,
stratified_train_val,v6_1_embedding_only,v6.1 embedding only,embedding_only,random_forest,10355,2,1_2,147,0.9121621621621622,0.9183673469387755,0.9152542372881356,,,
stratified_train_val,v6_1_embedding_only,v6.1 embedding only,embedding_only,random_forest,10355,3,2_1,154,0.9251700680272109,0.8831168831168831,0.9036544850498338,,,
stratified_train_val,v6_1_embedding_only,v6.1 embedding only,embedding_only,random_forest,10355,4,higher,2023,0.99064039408867,0.9940682155215027,0.9923513446829508,,,
stratified_train_val,v6_1_frequency_fusion,Frequency + v6.1 embedding,frequency_embedding_fusion,balanced_logistic_regression,10355,0,1_1H,131,1.0,1.0,1.0,,,
stratified_train_val,v6_1_frequency_fusion,Frequency + v6.1 embedding,frequency_embedding_fusion,balanced_logistic_regression,10355,1,1_1T,134,1.0,1.0,1.0,,,
stratified_train_val,v6_1_frequency_fusion,Frequency + v6.1 embedding,frequency_embedding_fusion,balanced_logistic_regression,10355,2,1_2,147,0.9337748344370861,0.9591836734693877,0.9463087248322147,,,
stratified_train_val,v6_1_frequency_fusion,Frequency + v6.1 embedding,frequency_embedding_fusion,balanced_logistic_regression,10355,3,2_1,154,0.96,0.935064935064935,0.9473684210526316,,,
stratified_train_val,v6_1_frequency_fusion,Frequency + v6.1 embedding,frequency_embedding_fusion,balanced_logistic_regression,10355,4,higher,2023,0.9995056846267919,0.9995056846267919,0.9995056846267919,,,
stratified_train_val,v6_1_frequency_fusion,Frequency + v6.1 embedding,frequency_embedding_fusion,random_forest,10355,0,1_1H,131,0.9922480620155039,0.9770992366412213,0.9846153846153846,,,
stratified_train_val,v6_1_frequency_fusion,Frequency + v6.1 embedding,frequency_embedding_fusion,random_forest,10355,1,1_1T,134,0.9852941176470589,1.0,0.9925925925925926,,,
stratified_train_val,v6_1_frequency_fusion,Frequency + v6.1 embedding,frequency_embedding_fusion,random_forest,10355,2,1_2,147,0.9459459459459459,0.9523809523809523,0.9491525423728814,,,
stratified_train_val,v6_1_frequency_fusion,Frequency + v6.1 embedding,frequency_embedding_fusion,random_forest,10355,3,2_1,154,0.9722222222222222,0.9090909090909091,0.9395973154362416,,,
stratified_train_val,v6_1_frequency_fusion,Frequency + v6.1 embedding,frequency_embedding_fusion,random_forest,10355,4,higher,2023,0.9931102362204725,0.9975284231339595,0.9953144266337854,,,
stratified_train_val,v6_2_a_embedding_only,v6.2-A embedding only,embedding_only,balanced_logistic_regression,10355,0,1_1H,131,0.9318181818181818,0.9389312977099237,0.9353612167300379,,,
stratified_train_val,v6_2_a_embedding_only,v6.2-A embedding only,embedding_only,balanced_logistic_regression,10355,1,1_1T,134,0.9027777777777778,0.9701492537313433,0.9352517985611511,,,
stratified_train_val,v6_2_a_embedding_only,v6.2-A embedding only,embedding_only,balanced_logistic_regression,10355,2,1_2,147,0.8701298701298701,0.9115646258503401,0.8903654485049834,,,
stratified_train_val,v6_2_a_embedding_only,v6.2-A embedding only,embedding_only,balanced_logistic_regression,10355,3,2_1,154,0.8940397350993378,0.8766233766233766,0.8852459016393441,,,
stratified_train_val,v6_2_a_embedding_only,v6.2-A embedding only,embedding_only,balanced_logistic_regression,10355,4,higher,2023,0.9875498007968128,0.9802273850716757,0.983874968990325,,,
stratified_train_val,v6_2_a_embedding_only,v6.2-A embedding only,embedding_only,random_forest,10355,0,1_1H,131,0.9603174603174603,0.9236641221374046,0.9416342412451363,,,
stratified_train_val,v6_2_a_embedding_only,v6.2-A embedding only,embedding_only,random_forest,10355,1,1_1T,134,0.984251968503937,0.9328358208955224,0.9578544061302682,,,
stratified_train_val,v6_2_a_embedding_only,v6.2-A embedding only,embedding_only,random_forest,10355,2,1_2,147,0.9142857142857143,0.8707482993197279,0.8919860627177699,,,
stratified_train_val,v6_2_a_embedding_only,v6.2-A embedding only,embedding_only,random_forest,10355,3,2_1,154,0.9241379310344827,0.8701298701298701,0.8963210702341137,,,
stratified_train_val,v6_2_a_embedding_only,v6.2-A embedding only,embedding_only,random_forest,10355,4,higher,2023,0.9795221843003413,0.9930795847750865,0.9862542955326461,,,
stratified_train_val,v6_2_a_frequency_fusion,Frequency + v6.2-A embedding,frequency_embedding_fusion,balanced_logistic_regression,10355,0,1_1H,131,0.9848484848484849,0.9923664122137404,0.9885931558935361,,,
stratified_train_val,v6_2_a_frequency_fusion,Frequency + v6.2-A embedding,frequency_embedding_fusion,balanced_logistic_regression,10355,1,1_1T,134,0.9777777777777777,0.9850746268656716,0.9814126394052044,,,
stratified_train_val,v6_2_a_frequency_fusion,Frequency + v6.2-A embedding,frequency_embedding_fusion,balanced_logistic_regression,10355,2,1_2,147,0.9379310344827586,0.9251700680272109,0.9315068493150684,,,
stratified_train_val,v6_2_a_frequency_fusion,Frequency + v6.2-A embedding,frequency_embedding_fusion,balanced_logistic_regression,10355,3,2_1,154,0.9354838709677419,0.9415584415584416,0.9385113268608415,,,
stratified_train_val,v6_2_a_frequency_fusion,Frequency + v6.2-A embedding,frequency_embedding_fusion,balanced_logistic_regression,10355,4,higher,2023,0.9975272007912958,0.9970341077607514,0.9972805933250928,,,
stratified_train_val,v6_2_a_frequency_fusion,Frequency + v6.2-A embedding,frequency_embedding_fusion,random_forest,10355,0,1_1H,131,0.9609375,0.9389312977099237,0.9498069498069499,,,
stratified_train_val,v6_2_a_frequency_fusion,Frequency + v6.2-A embedding,frequency_embedding_fusion,random_forest,10355,1,1_1T,134,0.9920634920634921,0.9328358208955224,0.9615384615384616,,,
stratified_train_val,v6_2_a_frequency_fusion,Frequency + v6.2-A embedding,frequency_embedding_fusion,random_forest,10355,2,1_2,147,0.9214285714285714,0.8775510204081632,0.8989547038327526,,,
stratified_train_val,v6_2_a_frequency_fusion,Frequency + v6.2-A embedding,frequency_embedding_fusion,random_forest,10355,3,2_1,154,0.9370629370629371,0.8701298701298701,0.9023569023569024,,,
stratified_train_val,v6_2_a_frequency_fusion,Frequency + v6.2-A embedding,frequency_embedding_fusion,random_forest,10355,4,higher,2023,0.9819688109161794,0.9960454770143351,0.9889570552147239,,,
stratified_train_val,random_resnet18_embedding_only,Random ResNet-18 embedding only,embedding_only,balanced_logistic_regression,10355,0,1_1H,131,0.832258064516129,0.9847328244274809,0.9020979020979021,,,
stratified_train_val,random_resnet18_embedding_only,Random ResNet-18 embedding only,embedding_only,balanced_logistic_regression,10355,1,1_1T,134,0.7865853658536586,0.9626865671641791,0.865771812080537,,,
stratified_train_val,random_resnet18_embedding_only,Random ResNet-18 embedding only,embedding_only,balanced_logistic_regression,10355,2,1_2,147,0.6717948717948717,0.891156462585034,0.7660818713450293,,,
stratified_train_val,random_resnet18_embedding_only,Random ResNet-18 embedding only,embedding_only,balanced_logistic_regression,10355,3,2_1,154,0.6631016042780749,0.8051948051948052,0.7272727272727273,,,
stratified_train_val,random_resnet18_embedding_only,Random ResNet-18 embedding only,embedding_only,balanced_logistic_regression,10355,4,higher,2023,0.9936440677966102,0.9273356401384083,0.9593454359498849,,,
stratified_train_val,random_resnet18_embedding_only,Random ResNet-18 embedding only,embedding_only,random_forest,10355,0,1_1H,131,0.9692307692307692,0.48091603053435117,0.6428571428571428,,,
stratified_train_val,random_resnet18_embedding_only,Random ResNet-18 embedding only,embedding_only,random_forest,10355,1,1_1T,134,0.9857142857142858,0.5149253731343284,0.6764705882352942,,,
stratified_train_val,random_resnet18_embedding_only,Random ResNet-18 embedding only,embedding_only,random_forest,10355,2,1_2,147,0.9655172413793104,0.19047619047619047,0.3181818181818182,,,
stratified_train_val,random_resnet18_embedding_only,Random ResNet-18 embedding only,embedding_only,random_forest,10355,3,2_1,154,0.96,0.3116883116883117,0.47058823529411764,,,
stratified_train_val,random_resnet18_embedding_only,Random ResNet-18 embedding only,embedding_only,random_forest,10355,4,higher,2023,0.8509473684210527,0.9990113692535838,0.9190541155070487,,,
stratified_train_val,random_resnet18_frequency_fusion,Frequency + Random ResNet-18 embedding,frequency_embedding_fusion,balanced_logistic_regression,10355,0,1_1H,131,0.9923664122137404,0.9923664122137404,0.9923664122137404,,,
stratified_train_val,random_resnet18_frequency_fusion,Frequency + Random ResNet-18 embedding,frequency_embedding_fusion,balanced_logistic_regression,10355,1,1_1T,134,0.9777777777777777,0.9850746268656716,0.9814126394052044,,,
stratified_train_val,random_resnet18_frequency_fusion,Frequency + Random ResNet-18 embedding,frequency_embedding_fusion,balanced_logistic_regression,10355,2,1_2,147,0.8888888888888888,0.9251700680272109,0.9066666666666665,,,
stratified_train_val,random_resnet18_frequency_fusion,Frequency + Random ResNet-18 embedding,frequency_embedding_fusion,balanced_logistic_regression,10355,3,2_1,154,0.9072847682119205,0.8896103896103896,0.898360655737705,,,
stratified_train_val,random_resnet18_frequency_fusion,Frequency + Random ResNet-18 embedding,frequency_embedding_fusion,balanced_logistic_regression,10355,4,higher,2023,0.9995047052996533,0.9975284231339595,0.9985155863433944,,,
stratified_train_val,random_resnet18_frequency_fusion,Frequency + Random ResNet-18 embedding,frequency_embedding_fusion,random_forest,10355,0,1_1H,131,1.0,0.9083969465648855,0.9520000000000001,,,
stratified_train_val,random_resnet18_frequency_fusion,Frequency + Random ResNet-18 embedding,frequency_embedding_fusion,random_forest,10355,1,1_1T,134,0.9901960784313726,0.753731343283582,0.8559322033898303,,,
stratified_train_val,random_resnet18_frequency_fusion,Frequency + Random ResNet-18 embedding,frequency_embedding_fusion,random_forest,10355,2,1_2,147,0.9625,0.5238095238095238,0.6784140969162995,,,
stratified_train_val,random_resnet18_frequency_fusion,Frequency + Random ResNet-18 embedding,frequency_embedding_fusion,random_forest,10355,3,2_1,154,0.9512195121951219,0.5064935064935064,0.6610169491525423,,,
stratified_train_val,random_resnet18_frequency_fusion,Frequency + Random ResNet-18 embedding,frequency_embedding_fusion,random_forest,10355,4,higher,2023,0.9170444242973708,1.0,0.9567273587136439,,,
stratified_train_val,imagenet_resnet18_embedding_only,ImageNet ResNet-18 embedding only,embedding_only,balanced_logistic_regression,10355,0,1_1H,131,0.8333333333333334,0.8778625954198473,0.8550185873605949,,,
stratified_train_val,imagenet_resnet18_embedding_only,ImageNet ResNet-18 embedding only,embedding_only,balanced_logistic_regression,10355,1,1_1T,134,0.8450704225352113,0.8955223880597015,0.8695652173913043,,,
stratified_train_val,imagenet_resnet18_embedding_only,ImageNet ResNet-18 embedding only,embedding_only,balanced_logistic_regression,10355,2,1_2,147,0.6031746031746031,0.7755102040816326,0.6785714285714285,,,
stratified_train_val,imagenet_resnet18_embedding_only,ImageNet ResNet-18 embedding only,embedding_only,balanced_logistic_regression,10355,3,2_1,154,0.65,0.7597402597402597,0.7005988023952096,,,
stratified_train_val,imagenet_resnet18_embedding_only,ImageNet ResNet-18 embedding only,embedding_only,balanced_logistic_regression,10355,4,higher,2023,0.979381443298969,0.9391992090954029,0.9588695432752966,,,
stratified_train_val,imagenet_resnet18_embedding_only,ImageNet ResNet-18 embedding only,embedding_only,random_forest,10355,0,1_1H,131,0.9339622641509434,0.7557251908396947,0.8354430379746834,,,
stratified_train_val,imagenet_resnet18_embedding_only,ImageNet ResNet-18 embedding only,embedding_only,random_forest,10355,1,1_1T,134,0.967032967032967,0.6567164179104478,0.7822222222222223,,,
stratified_train_val,imagenet_resnet18_embedding_only,ImageNet ResNet-18 embedding only,embedding_only,random_forest,10355,2,1_2,147,0.9791666666666666,0.3197278911564626,0.482051282051282,,,
stratified_train_val,imagenet_resnet18_embedding_only,ImageNet ResNet-18 embedding only,embedding_only,random_forest,10355,3,2_1,154,0.9298245614035088,0.34415584415584416,0.5023696682464456,,,
stratified_train_val,imagenet_resnet18_embedding_only,ImageNet ResNet-18 embedding only,embedding_only,random_forest,10355,4,higher,2023,0.8836904241364233,0.9990113692535838,0.9378190255220418,,,
stratified_train_val,imagenet_resnet18_frequency_fusion,Frequency + ImageNet ResNet-18 embedding,frequency_embedding_fusion,balanced_logistic_regression,10355,0,1_1H,131,0.9618320610687023,0.9618320610687023,0.9618320610687023,,,
stratified_train_val,imagenet_resnet18_frequency_fusion,Frequency + ImageNet ResNet-18 embedding,frequency_embedding_fusion,balanced_logistic_regression,10355,1,1_1T,134,0.927007299270073,0.9477611940298507,0.9372693726937269,,,
stratified_train_val,imagenet_resnet18_frequency_fusion,Frequency + ImageNet ResNet-18 embedding,frequency_embedding_fusion,balanced_logistic_regression,10355,2,1_2,147,0.7784810126582279,0.8367346938775511,0.8065573770491804,,,
stratified_train_val,imagenet_resnet18_frequency_fusion,Frequency + ImageNet ResNet-18 embedding,frequency_embedding_fusion,balanced_logistic_regression,10355,3,2_1,154,0.8211920529801324,0.8051948051948052,0.8131147540983606,,,
stratified_train_val,imagenet_resnet18_frequency_fusion,Frequency + ImageNet ResNet-18 embedding,frequency_embedding_fusion,balanced_logistic_regression,10355,4,higher,2023,0.9980119284294234,0.9925852694018784,0.9952912019826518,,,
stratified_train_val,imagenet_resnet18_frequency_fusion,Frequency + ImageNet ResNet-18 embedding,frequency_embedding_fusion,random_forest,10355,0,1_1H,131,0.992,0.9465648854961832,0.96875,,,
stratified_train_val,imagenet_resnet18_frequency_fusion,Frequency + ImageNet ResNet-18 embedding,frequency_embedding_fusion,random_forest,10355,1,1_1T,134,0.9916666666666667,0.8880597014925373,0.937007874015748,,,
stratified_train_val,imagenet_resnet18_frequency_fusion,Frequency + ImageNet ResNet-18 embedding,frequency_embedding_fusion,random_forest,10355,2,1_2,147,0.98989898989899,0.6666666666666666,0.7967479674796748,,,
stratified_train_val,imagenet_resnet18_frequency_fusion,Frequency + ImageNet ResNet-18 embedding,frequency_embedding_fusion,random_forest,10355,3,2_1,154,0.9560439560439561,0.564935064935065,0.7102040816326531,,,
stratified_train_val,imagenet_resnet18_frequency_fusion,Frequency + ImageNet ResNet-18 embedding,frequency_embedding_fusion,random_forest,10355,4,higher,2023,0.9391829155060353,1.0,0.9686377783097918,,,
board_grouped,frequency_only,Frequency only,metadata_only,balanced_logistic_regression,10211,0,1_1H,129,1.0,1.0,1.0,C01,2733,none
board_grouped,frequency_only,Frequency only,metadata_only,balanced_logistic_regression,10211,1,1_1T,170,1.0,1.0,1.0,C01,2733,none
board_grouped,frequency_only,Frequency only,metadata_only,balanced_logistic_regression,10211,2,1_2,57,1.0,1.0,1.0,C01,2733,none
board_grouped,frequency_only,Frequency only,metadata_only,balanced_logistic_regression,10211,3,2_1,77,1.0,1.0,1.0,C01,2733,none
board_grouped,frequency_only,Frequency only,metadata_only,balanced_logistic_regression,10211,4,higher,2300,1.0,1.0,1.0,C01,2733,none
board_grouped,frequency_only,Frequency only,metadata_only,balanced_logistic_regression,10625,0,1_1H,134,1.0,1.0,1.0,C02,2319,none
board_grouped,frequency_only,Frequency only,metadata_only,balanced_logistic_regression,10625,1,1_1T,112,1.0,1.0,1.0,C02,2319,none
board_grouped,frequency_only,Frequency only,metadata_only,balanced_logistic_regression,10625,2,1_2,141,1.0,0.8652482269503546,0.9277566539923954,C02,2319,none
board_grouped,frequency_only,Frequency only,metadata_only,balanced_logistic_regression,10625,3,2_1,157,0.8920454545454546,1.0,0.942942942942943,C02,2319,none
board_grouped,frequency_only,Frequency only,metadata_only,balanced_logistic_regression,10625,4,higher,1775,1.0,1.0,1.0,C02,2319,none
board_grouped,frequency_only,Frequency only,metadata_only,balanced_logistic_regression,11307,0,1_1H,110,1.0,1.0,1.0,C03,1637,none
board_grouped,frequency_only,Frequency only,metadata_only,balanced_logistic_regression,11307,1,1_1T,74,1.0,1.0,1.0,C03,1637,none
board_grouped,frequency_only,Frequency only,metadata_only,balanced_logistic_regression,11307,2,1_2,98,1.0,0.8877551020408163,0.9405405405405405,C03,1637,none
board_grouped,frequency_only,Frequency only,metadata_only,balanced_logistic_regression,11307,3,2_1,117,0.9140625,1.0,0.9551020408163265,C03,1637,none
board_grouped,frequency_only,Frequency only,metadata_only,balanced_logistic_regression,11307,4,higher,1238,1.0,1.0,1.0,C03,1637,none
board_grouped,frequency_only,Frequency only,metadata_only,balanced_logistic_regression,10525,0,1_1H,116,1.0,1.0,1.0,W01,2419,none
board_grouped,frequency_only,Frequency only,metadata_only,balanced_logistic_regression,10525,1,1_1T,107,1.0,1.0,1.0,W01,2419,none
board_grouped,frequency_only,Frequency only,metadata_only,balanced_logistic_regression,10525,2,1_2,177,0.9030612244897959,1.0,0.9490616621983915,W01,2419,none
board_grouped,frequency_only,Frequency only,metadata_only,balanced_logistic_regression,10525,3,2_1,185,1.0,0.8972972972972973,0.9458689458689459,W01,2419,none
board_grouped,frequency_only,Frequency only,metadata_only,balanced_logistic_regression,10525,4,higher,1834,1.0,1.0,1.0,W01,2419,none
board_grouped,frequency_only,Frequency only,metadata_only,balanced_logistic_regression,10574,0,1_1H,74,1.0,1.0,1.0,W02,2370,none
board_grouped,frequency_only,Frequency only,metadata_only,balanced_logistic_regression,10574,1,1_1T,113,1.0,1.0,1.0,W02,2370,none
board_grouped,frequency_only,Frequency only,metadata_only,balanced_logistic_regression,10574,2,1_2,142,0.8022598870056498,1.0,0.8902821316614421,W02,2370,none
board_grouped,frequency_only,Frequency only,metadata_only,balanced_logistic_regression,10574,3,2_1,169,1.0,0.7928994082840237,0.8844884488448845,W02,2370,none
board_grouped,frequency_only,Frequency only,metadata_only,balanced_logistic_regression,10574,4,higher,1872,1.0,1.0,1.0,W02,2370,none
board_grouped,frequency_only,Frequency only,metadata_only,balanced_logistic_regression,11478,0,1_1H,90,1.0,1.0,1.0,W03,1466,none
board_grouped,frequency_only,Frequency only,metadata_only,balanced_logistic_regression,11478,1,1_1T,93,1.0,1.0,1.0,W03,1466,none
board_grouped,frequency_only,Frequency only,metadata_only,balanced_logistic_regression,11478,2,1_2,123,0.8913043478260869,1.0,0.9425287356321839,W03,1466,none
board_grouped,frequency_only,Frequency only,metadata_only,balanced_logistic_regression,11478,3,2_1,64,1.0,0.765625,0.8672566371681416,W03,1466,none
board_grouped,frequency_only,Frequency only,metadata_only,balanced_logistic_regression,11478,4,higher,1096,1.0,1.0,1.0,W03,1466,none
board_grouped,frequency_only,Frequency only,metadata_only,random_forest,10211,0,1_1H,129,1.0,1.0,1.0,C01,2733,none
board_grouped,frequency_only,Frequency only,metadata_only,random_forest,10211,1,1_1T,170,1.0,1.0,1.0,C01,2733,none
board_grouped,frequency_only,Frequency only,metadata_only,random_forest,10211,2,1_2,57,1.0,0.5964912280701754,0.7472527472527472,C01,2733,none
board_grouped,frequency_only,Frequency only,metadata_only,random_forest,10211,3,2_1,77,0.77,1.0,0.8700564971751412,C01,2733,none
board_grouped,frequency_only,Frequency only,metadata_only,random_forest,10211,4,higher,2300,1.0,1.0,1.0,C01,2733,none
board_grouped,frequency_only,Frequency only,metadata_only,random_forest,10625,0,1_1H,134,1.0,1.0,1.0,C02,2319,none
board_grouped,frequency_only,Frequency only,metadata_only,random_forest,10625,1,1_1T,112,1.0,1.0,1.0,C02,2319,none
board_grouped,frequency_only,Frequency only,metadata_only,random_forest,10625,2,1_2,141,1.0,0.723404255319149,0.8395061728395062,C02,2319,none
board_grouped,frequency_only,Frequency only,metadata_only,random_forest,10625,3,2_1,157,0.8010204081632653,1.0,0.8895184135977336,C02,2319,none
board_grouped,frequency_only,Frequency only,metadata_only,random_forest,10625,4,higher,1775,1.0,1.0,1.0,C02,2319,none
board_grouped,frequency_only,Frequency only,metadata_only,random_forest,11307,0,1_1H,110,1.0,1.0,1.0,C03,1637,none
board_grouped,frequency_only,Frequency only,metadata_only,random_forest,11307,1,1_1T,74,1.0,1.0,1.0,C03,1637,none
board_grouped,frequency_only,Frequency only,metadata_only,random_forest,11307,2,1_2,98,1.0,0.8673469387755102,0.9289617486338798,C03,1637,none
board_grouped,frequency_only,Frequency only,metadata_only,random_forest,11307,3,2_1,117,0.9,1.0,0.9473684210526316,C03,1637,none
board_grouped,frequency_only,Frequency only,metadata_only,random_forest,11307,4,higher,1238,1.0,1.0,1.0,C03,1637,none
board_grouped,frequency_only,Frequency only,metadata_only,random_forest,10525,0,1_1H,116,1.0,1.0,1.0,W01,2419,none
board_grouped,frequency_only,Frequency only,metadata_only,random_forest,10525,1,1_1T,107,1.0,1.0,1.0,W01,2419,none
board_grouped,frequency_only,Frequency only,metadata_only,random_forest,10525,2,1_2,177,0.9076923076923077,1.0,0.9516129032258065,W01,2419,none
board_grouped,frequency_only,Frequency only,metadata_only,random_forest,10525,3,2_1,185,1.0,0.9027027027027027,0.9488636363636364,W01,2419,none
board_grouped,frequency_only,Frequency only,metadata_only,random_forest,10525,4,higher,1834,1.0,1.0,1.0,W01,2419,none
board_grouped,frequency_only,Frequency only,metadata_only,random_forest,10574,0,1_1H,74,1.0,1.0,1.0,W02,2370,none
board_grouped,frequency_only,Frequency only,metadata_only,random_forest,10574,1,1_1T,113,1.0,1.0,1.0,W02,2370,none
board_grouped,frequency_only,Frequency only,metadata_only,random_forest,10574,2,1_2,142,0.8930817610062893,1.0,0.9435215946843853,W02,2370,none
board_grouped,frequency_only,Frequency only,metadata_only,random_forest,10574,3,2_1,169,1.0,0.8994082840236687,0.9470404984423676,W02,2370,none
board_grouped,frequency_only,Frequency only,metadata_only,random_forest,10574,4,higher,1872,1.0,1.0,1.0,W02,2370,none
board_grouped,frequency_only,Frequency only,metadata_only,random_forest,11478,0,1_1H,90,1.0,1.0,1.0,W03,1466,none
board_grouped,frequency_only,Frequency only,metadata_only,random_forest,11478,1,1_1T,93,1.0,1.0,1.0,W03,1466,none
board_grouped,frequency_only,Frequency only,metadata_only,random_forest,11478,2,1_2,123,1.0,1.0,1.0,W03,1466,none
board_grouped,frequency_only,Frequency only,metadata_only,random_forest,11478,3,2_1,64,1.0,1.0,1.0,W03,1466,none
board_grouped,frequency_only,Frequency only,metadata_only,random_forest,11478,4,higher,1096,1.0,1.0,1.0,W03,1466,none
board_grouped,v6_1_embedding_only,v6.1 embedding only,embedding_only,balanced_logistic_regression,10211,0,1_1H,129,0.967741935483871,0.9302325581395349,0.9486166007905139,C01,2733,none
board_grouped,v6_1_embedding_only,v6.1 embedding only,embedding_only,balanced_logistic_regression,10211,1,1_1T,170,0.9878048780487805,0.9529411764705882,0.9700598802395209,C01,2733,none
board_grouped,v6_1_embedding_only,v6.1 embedding only,embedding_only,balanced_logistic_regression,10211,2,1_2,57,0.40601503759398494,0.9473684210526315,0.5684210526315789,C01,2733,none
board_grouped,v6_1_embedding_only,v6.1 embedding only,embedding_only,balanced_logistic_regression,10211,3,2_1,77,0.1016949152542373,0.07792207792207792,0.08823529411764705,C01,2733,none
board_grouped,v6_1_embedding_only,v6.1 embedding only,embedding_only,balanced_logistic_regression,10211,4,higher,2300,0.996005326231691,0.9756521739130435,0.985723698660224,C01,2733,none
board_grouped,v6_1_embedding_only,v6.1 embedding only,embedding_only,balanced_logistic_regression,10625,0,1_1H,134,0.665,0.9925373134328358,0.7964071856287427,C02,2319,none
board_grouped,v6_1_embedding_only,v6.1 embedding only,embedding_only,balanced_logistic_regression,10625,1,1_1T,112,0.981651376146789,0.9553571428571429,0.9683257918552036,C02,2319,none
board_grouped,v6_1_embedding_only,v6.1 embedding only,embedding_only,balanced_logistic_regression,10625,2,1_2,141,0.8,0.9361702127659575,0.8627450980392157,C02,2319,none
board_grouped,v6_1_embedding_only,v6.1 embedding only,embedding_only,balanced_logistic_regression,10625,3,2_1,157,0.7219512195121951,0.9426751592356688,0.8176795580110497,C02,2319,none
board_grouped,v6_1_embedding_only,v6.1 embedding only,embedding_only,balanced_logistic_regression,10625,4,higher,1775,0.9951219512195122,0.9194366197183098,0.955783308931186,C02,2319,none
board_grouped,v6_1_embedding_only,v6.1 embedding only,embedding_only,balanced_logistic_regression,11307,0,1_1H,110,0.6626506024096386,1.0,0.7971014492753623,C03,1637,none
board_grouped,v6_1_embedding_only,v6.1 embedding only,embedding_only,balanced_logistic_regression,11307,1,1_1T,74,0.9078947368421053,0.9324324324324325,0.92,C03,1637,none
board_grouped,v6_1_embedding_only,v6.1 embedding only,embedding_only,balanced_logistic_regression,11307,2,1_2,98,0.49696969696969695,0.8367346938775511,0.623574144486692,C03,1637,none
board_grouped,v6_1_embedding_only,v6.1 embedding only,embedding_only,balanced_logistic_regression,11307,3,2_1,117,0.7142857142857143,0.08547008547008547,0.15267175572519084,C03,1637,none
board_grouped,v6_1_embedding_only,v6.1 embedding only,embedding_only,balanced_logistic_regression,11307,4,higher,1238,0.962171052631579,0.9450726978998385,0.9535452322738387,C03,1637,none
board_grouped,v6_1_embedding_only,v6.1 embedding only,embedding_only,balanced_logistic_regression,10525,0,1_1H,116,0.76,0.9827586206896551,0.8571428571428572,W01,2419,none
board_grouped,v6_1_embedding_only,v6.1 embedding only,embedding_only,balanced_logistic_regression,10525,1,1_1T,107,0.6445783132530121,1.0,0.7838827838827839,W01,2419,none
board_grouped,v6_1_embedding_only,v6.1 embedding only,embedding_only,balanced_logistic_regression,10525,2,1_2,177,0.8011363636363636,0.7966101694915254,0.7988668555240792,W01,2419,none
board_grouped,v6_1_embedding_only,v6.1 embedding only,embedding_only,balanced_logistic_regression,10525,3,2_1,185,0.8407643312101911,0.7135135135135136,0.7719298245614036,W01,2419,none
board_grouped,v6_1_embedding_only,v6.1 embedding only,embedding_only,balanced_logistic_regression,10525,4,higher,1834,0.9954802259887006,0.960741548527808,0.9778024417314095,W01,2419,none
board_grouped,v6_1_embedding_only,v6.1 embedding only,embedding_only,balanced_logistic_regression,10574,0,1_1H,74,0.4959349593495935,0.8243243243243243,0.6192893401015229,W02,2370,none
board_grouped,v6_1_embedding_only,v6.1 embedding only,embedding_only,balanced_logistic_regression,10574,1,1_1T,113,0.9736842105263158,0.9823008849557522,0.9779735682819383,W02,2370,none
board_grouped,v6_1_embedding_only,v6.1 embedding only,embedding_only,balanced_logistic_regression,10574,2,1_2,142,0.6449704142011834,0.7676056338028169,0.7009646302250803,W02,2370,none
board_grouped,v6_1_embedding_only,v6.1 embedding only,embedding_only,balanced_logistic_regression,10574,3,2_1,169,0.783625730994152,0.7928994082840237,0.788235294117647,W02,2370,none
board_grouped,v6_1_embedding_only,v6.1 embedding only,embedding_only,balanced_logistic_regression,10574,4,higher,1872,0.9910764082543224,0.9492521367521367,0.9697135061391542,W02,2370,none
board_grouped,v6_1_embedding_only,v6.1 embedding only,embedding_only,balanced_logistic_regression,11478,0,1_1H,90,0.9340659340659341,0.9444444444444444,0.9392265193370165,W03,1466,none
board_grouped,v6_1_embedding_only,v6.1 embedding only,embedding_only,balanced_logistic_regression,11478,1,1_1T,93,0.7459016393442623,0.978494623655914,0.8465116279069768,W03,1466,none
board_grouped,v6_1_embedding_only,v6.1 embedding only,embedding_only,balanced_logistic_regression,11478,2,1_2,123,0.8306451612903226,0.8373983739837398,0.834008097165992,W03,1466,none
board_grouped,v6_1_embedding_only,v6.1 embedding only,embedding_only,balanced_logistic_regression,11478,3,2_1,64,0.6323529411764706,0.671875,0.6515151515151515,W03,1466,none
board_grouped,v6_1_embedding_only,v6.1 embedding only,embedding_only,balanced_logistic_regression,11478,4,higher,1096,0.9924599434495759,0.9607664233576643,0.9763560500695412,W03,1466,none
board_grouped,v6_1_embedding_only,v6.1 embedding only,embedding_only,random_forest,10211,0,1_1H,129,1.0,0.8992248062015504,0.9469387755102041,C01,2733,none
board_grouped,v6_1_embedding_only,v6.1 embedding only,embedding_only,random_forest,10211,1,1_1T,170,1.0,0.9470588235294117,0.972809667673716,C01,2733,none
board_grouped,v6_1_embedding_only,v6.1 embedding only,embedding_only,random_forest,10211,2,1_2,57,0.611764705882353,0.9122807017543859,0.7323943661971831,C01,2733,none
board_grouped,v6_1_embedding_only,v6.1 embedding only,embedding_only,random_forest,10211,3,2_1,77,0.6,0.5454545454545454,0.5714285714285713,C01,2733,none
board_grouped,v6_1_embedding_only,v6.1 embedding only,embedding_only,random_forest,10211,4,higher,2300,0.9921773142112125,0.9926086956521739,0.9923929580525973,C01,2733,none
board_grouped,v6_1_embedding_only,v6.1 embedding only,embedding_only,random_forest,10625,0,1_1H,134,0.9682539682539683,0.9104477611940298,0.9384615384615386,C02,2319,none
board_grouped,v6_1_embedding_only,v6.1 embedding only,embedding_only,random_forest,10625,1,1_1T,112,0.9622641509433962,0.9107142857142857,0.9357798165137615,C02,2319,none
board_grouped,v6_1_embedding_only,v6.1 embedding only,embedding_only,random_forest,10625,2,1_2,141,0.9428571428571428,0.9361702127659575,0.9395017793594306,C02,2319,none
board_grouped,v6_1_embedding_only,v6.1 embedding only,embedding_only,random_forest,10625,3,2_1,157,0.9527027027027027,0.8980891719745223,0.9245901639344264,C02,2319,none
board_grouped,v6_1_embedding_only,v6.1 embedding only,embedding_only,random_forest,10625,4,higher,1775,0.9794330183435241,0.9926760563380281,0.9860100727476218,C02,2319,none
board_grouped,v6_1_embedding_only,v6.1 embedding only,embedding_only,random_forest,11307,0,1_1H,110,1.0,0.9545454545454546,0.9767441860465117,C03,1637,none
board_grouped,v6_1_embedding_only,v6.1 embedding only,embedding_only,random_forest,11307,1,1_1T,74,1.0,0.918918918918919,0.9577464788732395,C03,1637,none
board_grouped,v6_1_embedding_only,v6.1 embedding only,embedding_only,random_forest,11307,2,1_2,98,1.0,0.8469387755102041,0.9171270718232044,C03,1637,none
board_grouped,v6_1_embedding_only,v6.1 embedding only,embedding_only,random_forest,11307,3,2_1,117,0.9879518072289156,0.7008547008547008,0.8199999999999998,C03,1637,none
board_grouped,v6_1_embedding_only,v6.1 embedding only,embedding_only,random_forest,11307,4,higher,1238,0.9537750385208013,1.0,0.9763406940063092,C03,1637,none
board_grouped,v6_1_embedding_only,v6.1 embedding only,embedding_only,random_forest,10525,0,1_1H,116,0.9814814814814815,0.9137931034482759,0.9464285714285714,W01,2419,none
board_grouped,v6_1_embedding_only,v6.1 embedding only,embedding_only,random_forest,10525,1,1_1T,107,0.99,0.9252336448598131,0.9565217391304348,W01,2419,none
board_grouped,v6_1_embedding_only,v6.1 embedding only,embedding_only,random_forest,10525,2,1_2,177,0.967741935483871,0.6779661016949152,0.7973421926910299,W01,2419,none
board_grouped,v6_1_embedding_only,v6.1 embedding only,embedding_only,random_forest,10525,3,2_1,185,0.8217821782178217,0.8972972972972973,0.8578811369509044,W01,2419,none
board_grouped,v6_1_embedding_only,v6.1 embedding only,embedding_only,random_forest,10525,4,higher,1834,0.9713527851458886,0.9983642311886587,0.9846732992739985,W01,2419,none
board_grouped,v6_1_embedding_only,v6.1 embedding only,embedding_only,random_forest,10574,0,1_1H,74,0.9811320754716981,0.7027027027027027,0.8188976377952756,W02,2370,none
board_grouped,v6_1_embedding_only,v6.1 embedding only,embedding_only,random_forest,10574,1,1_1T,113,1.0,0.9380530973451328,0.9680365296803652,W02,2370,none
board_grouped,v6_1_embedding_only,v6.1 embedding only,embedding_only,random_forest,10574,2,1_2,142,0.6933333333333334,0.7323943661971831,0.7123287671232877,W02,2370,none
board_grouped,v6_1_embedding_only,v6.1 embedding only,embedding_only,random_forest,10574,3,2_1,169,0.7962962962962963,0.7633136094674556,0.7794561933534742,W02,2370,none
board_grouped,v6_1_embedding_only,v6.1 embedding only,embedding_only,random_forest,10574,4,higher,1872,0.9768299104791995,0.9909188034188035,0.9838239193847785,W02,2370,none
board_grouped,v6_1_embedding_only,v6.1 embedding only,embedding_only,random_forest,11478,0,1_1H,90,0.9529411764705882,0.9,0.9257142857142857,W03,1466,none
board_grouped,v6_1_embedding_only,v6.1 embedding only,embedding_only,random_forest,11478,1,1_1T,93,0.7398373983739838,0.978494623655914,0.8425925925925926,W03,1466,none
board_grouped,v6_1_embedding_only,v6.1 embedding only,embedding_only,random_forest,11478,2,1_2,123,0.84375,0.8780487804878049,0.8605577689243028,W03,1466,none
board_grouped,v6_1_embedding_only,v6.1 embedding only,embedding_only,random_forest,11478,3,2_1,64,0.8863636363636364,0.609375,0.7222222222222223,W03,1466,none
board_grouped,v6_1_embedding_only,v6.1 embedding only,embedding_only,random_forest,11478,4,higher,1096,0.9861878453038674,0.9771897810218978,0.9816681943171403,W03,1466,none
board_grouped,v6_1_frequency_fusion,Frequency + v6.1 embedding,frequency_embedding_fusion,balanced_logistic_regression,10211,0,1_1H,129,1.0,1.0,1.0,C01,2733,none
board_grouped,v6_1_frequency_fusion,Frequency + v6.1 embedding,frequency_embedding_fusion,balanced_logistic_regression,10211,1,1_1T,170,1.0,0.9588235294117647,0.9789789789789789,C01,2733,none
board_grouped,v6_1_frequency_fusion,Frequency + v6.1 embedding,frequency_embedding_fusion,balanced_logistic_regression,10211,2,1_2,57,0.4122137404580153,0.9473684210526315,0.574468085106383,C01,2733,none
board_grouped,v6_1_frequency_fusion,Frequency + v6.1 embedding,frequency_embedding_fusion,balanced_logistic_regression,10211,3,2_1,77,0.21212121212121213,0.09090909090909091,0.12727272727272726,C01,2733,none
board_grouped,v6_1_frequency_fusion,Frequency + v6.1 embedding,frequency_embedding_fusion,balanced_logistic_regression,10211,4,higher,2300,1.0,0.99,0.9949748743718593,C01,2733,none
board_grouped,v6_1_frequency_fusion,Frequency + v6.1 embedding,frequency_embedding_fusion,balanced_logistic_regression,10625,0,1_1H,134,0.9925925925925926,1.0,0.996282527881041,C02,2319,none
board_grouped,v6_1_frequency_fusion,Frequency + v6.1 embedding,frequency_embedding_fusion,balanced_logistic_regression,10625,1,1_1T,112,1.0,1.0,1.0,C02,2319,none
board_grouped,v6_1_frequency_fusion,Frequency + v6.1 embedding,frequency_embedding_fusion,balanced_logistic_regression,10625,2,1_2,141,0.9851851851851852,0.9432624113475178,0.9637681159420289,C02,2319,none
board_grouped,v6_1_frequency_fusion,Frequency + v6.1 embedding,frequency_embedding_fusion,balanced_logistic_regression,10625,3,2_1,157,0.9166666666666666,0.9808917197452229,0.9476923076923077,C02,2319,none
board_grouped,v6_1_frequency_fusion,Frequency + v6.1 embedding,frequency_embedding_fusion,balanced_logistic_regression,10625,4,higher,1775,0.9994347088750707,0.9960563380281691,0.9977426636568848,C02,2319,none
board_grouped,v6_1_frequency_fusion,Frequency + v6.1 embedding,frequency_embedding_fusion,balanced_logistic_regression,11307,0,1_1H,110,1.0,1.0,1.0,C03,1637,none
board_grouped,v6_1_frequency_fusion,Frequency + v6.1 embedding,frequency_embedding_fusion,balanced_logistic_regression,11307,1,1_1T,74,1.0,1.0,1.0,C03,1637,none
board_grouped,v6_1_frequency_fusion,Frequency + v6.1 embedding,frequency_embedding_fusion,balanced_logistic_regression,11307,2,1_2,98,0.4942528735632184,0.8775510204081632,0.6323529411764706,C03,1637,none
board_grouped,v6_1_frequency_fusion,Frequency + v6.1 embedding,frequency_embedding_fusion,balanced_logistic_regression,11307,3,2_1,117,0.71875,0.19658119658119658,0.3087248322147651,C03,1637,none
board_grouped,v6_1_frequency_fusion,Frequency + v6.1 embedding,frequency_embedding_fusion,balanced_logistic_regression,11307,4,higher,1238,0.991980753809142,0.9991922455573505,0.9955734406438632,C03,1637,none
board_grouped,v6_1_frequency_fusion,Frequency + v6.1 embedding,frequency_embedding_fusion,balanced_logistic_regression,10525,0,1_1H,116,1.0,0.9827586206896551,0.9913043478260869,W01,2419,none
board_grouped,v6_1_frequency_fusion,Frequency + v6.1 embedding,frequency_embedding_fusion,balanced_logistic_regression,10525,1,1_1T,107,0.9727272727272728,1.0,0.9861751152073733,W01,2419,none
board_grouped,v6_1_frequency_fusion,Frequency + v6.1 embedding,frequency_embedding_fusion,balanced_logistic_regression,10525,2,1_2,177,0.8033707865168539,0.807909604519774,0.8056338028169014,W01,2419,none
board_grouped,v6_1_frequency_fusion,Frequency + v6.1 embedding,frequency_embedding_fusion,balanced_logistic_regression,10525,3,2_1,185,0.8152173913043478,0.8108108108108109,0.8130081300813009,W01,2419,none
board_grouped,v6_1_frequency_fusion,Frequency + v6.1 embedding,frequency_embedding_fusion,balanced_logistic_regression,10525,4,higher,1834,1.0,0.9994547437295529,0.9997272975184074,W01,2419,none
board_grouped,v6_1_frequency_fusion,Frequency + v6.1 embedding,frequency_embedding_fusion,balanced_logistic_regression,10574,0,1_1H,74,0.7956989247311828,1.0,0.8862275449101796,W02,2370,none
board_grouped,v6_1_frequency_fusion,Frequency + v6.1 embedding,frequency_embedding_fusion,balanced_logistic_regression,10574,1,1_1T,113,1.0,1.0,1.0,W02,2370,none
board_grouped,v6_1_frequency_fusion,Frequency + v6.1 embedding,frequency_embedding_fusion,balanced_logistic_regression,10574,2,1_2,142,0.7619047619047619,0.7887323943661971,0.7750865051903114,W02,2370,none
board_grouped,v6_1_frequency_fusion,Frequency + v6.1 embedding,frequency_embedding_fusion,balanced_logistic_regression,10574,3,2_1,169,0.7976190476190477,0.7928994082840237,0.7952522255192879,W02,2370,none
board_grouped,v6_1_frequency_fusion,Frequency + v6.1 embedding,frequency_embedding_fusion,balanced_logistic_regression,10574,4,higher,1872,1.0,0.9877136752136753,0.9938188658962644,W02,2370,none
board_grouped,v6_1_frequency_fusion,Frequency + v6.1 embedding,frequency_embedding_fusion,balanced_logistic_regression,11478,0,1_1H,90,1.0,1.0,1.0,W03,1466,none
board_grouped,v6_1_frequency_fusion,Frequency + v6.1 embedding,frequency_embedding_fusion,balanced_logistic_regression,11478,1,1_1T,93,0.92,0.989247311827957,0.9533678756476685,W03,1466,none
board_grouped,v6_1_frequency_fusion,Frequency + v6.1 embedding,frequency_embedding_fusion,balanced_logistic_regression,11478,2,1_2,123,0.8617886178861789,0.8617886178861789,0.861788617886179,W03,1466,none
board_grouped,v6_1_frequency_fusion,Frequency + v6.1 embedding,frequency_embedding_fusion,balanced_logistic_regression,11478,3,2_1,64,0.6301369863013698,0.71875,0.6715328467153284,W03,1466,none
board_grouped,v6_1_frequency_fusion,Frequency + v6.1 embedding,frequency_embedding_fusion,balanced_logistic_regression,11478,4,higher,1096,1.0,0.9854014598540146,0.9926470588235294,W03,1466,none
board_grouped,v6_1_frequency_fusion,Frequency + v6.1 embedding,frequency_embedding_fusion,random_forest,10211,0,1_1H,129,1.0,0.9302325581395349,0.963855421686747,C01,2733,none
board_grouped,v6_1_frequency_fusion,Frequency + v6.1 embedding,frequency_embedding_fusion,random_forest,10211,1,1_1T,170,1.0,0.9529411764705882,0.9759036144578312,C01,2733,none
board_grouped,v6_1_frequency_fusion,Frequency + v6.1 embedding,frequency_embedding_fusion,random_forest,10211,2,1_2,57,0.6794871794871795,0.9298245614035088,0.7851851851851852,C01,2733,none
board_grouped,v6_1_frequency_fusion,Frequency + v6.1 embedding,frequency_embedding_fusion,random_forest,10211,3,2_1,77,0.9491525423728814,0.7272727272727273,0.823529411764706,C01,2733,none
board_grouped,v6_1_frequency_fusion,Frequency + v6.1 embedding,frequency_embedding_fusion,random_forest,10211,4,higher,2300,0.9939498703543648,1.0,0.9969657563935848,C01,2733,none
board_grouped,v6_1_frequency_fusion,Frequency + v6.1 embedding,frequency_embedding_fusion,random_forest,10625,0,1_1H,134,1.0,0.9402985074626866,0.9692307692307692,C02,2319,none
board_grouped,v6_1_frequency_fusion,Frequency + v6.1 embedding,frequency_embedding_fusion,random_forest,10625,1,1_1T,112,1.0,1.0,1.0,C02,2319,none
board_grouped,v6_1_frequency_fusion,Frequency + v6.1 embedding,frequency_embedding_fusion,random_forest,10625,2,1_2,141,1.0,0.9645390070921985,0.9819494584837545,C02,2319,none
board_grouped,v6_1_frequency_fusion,Frequency + v6.1 embedding,frequency_embedding_fusion,random_forest,10625,3,2_1,157,0.9666666666666667,0.9235668789808917,0.9446254071661238,C02,2319,none
board_grouped,v6_1_frequency_fusion,Frequency + v6.1 embedding,frequency_embedding_fusion,random_forest,10625,4,higher,1775,0.9871866295264624,0.9983098591549295,0.9927170868347338,C02,2319,none
board_grouped,v6_1_frequency_fusion,Frequency + v6.1 embedding,frequency_embedding_fusion,random_forest,11307,0,1_1H,110,1.0,0.9545454545454546,0.9767441860465117,C03,1637,none
board_grouped,v6_1_frequency_fusion,Frequency + v6.1 embedding,frequency_embedding_fusion,random_forest,11307,1,1_1T,74,1.0,0.9324324324324325,0.965034965034965,C03,1637,none
board_grouped,v6_1_frequency_fusion,Frequency + v6.1 embedding,frequency_embedding_fusion,random_forest,11307,2,1_2,98,1.0,0.8469387755102041,0.9171270718232044,C03,1637,none
board_grouped,v6_1_frequency_fusion,Frequency + v6.1 embedding,frequency_embedding_fusion,random_forest,11307,3,2_1,117,0.989010989010989,0.7692307692307693,0.8653846153846154,C03,1637,none
board_grouped,v6_1_frequency_fusion,Frequency + v6.1 embedding,frequency_embedding_fusion,random_forest,11307,4,higher,1238,0.9604344453064391,1.0,0.9798179659675504,C03,1637,none
board_grouped,v6_1_frequency_fusion,Frequency + v6.1 embedding,frequency_embedding_fusion,random_forest,10525,0,1_1H,116,1.0,0.9137931034482759,0.9549549549549551,W01,2419,none
board_grouped,v6_1_frequency_fusion,Frequency + v6.1 embedding,frequency_embedding_fusion,random_forest,10525,1,1_1T,107,1.0,0.9532710280373832,0.9760765550239235,W01,2419,none
board_grouped,v6_1_frequency_fusion,Frequency + v6.1 embedding,frequency_embedding_fusion,random_forest,10525,2,1_2,177,0.9703703703703703,0.7401129943502824,0.8397435897435896,W01,2419,none
board_grouped,v6_1_frequency_fusion,Frequency + v6.1 embedding,frequency_embedding_fusion,random_forest,10525,3,2_1,185,0.8497409326424871,0.8864864864864865,0.8677248677248677,W01,2419,none
board_grouped,v6_1_frequency_fusion,Frequency + v6.1 embedding,frequency_embedding_fusion,random_forest,10525,4,higher,1834,0.9739776951672863,1.0,0.9868173258003766,W01,2419,none
board_grouped,v6_1_frequency_fusion,Frequency + v6.1 embedding,frequency_embedding_fusion,random_forest,10574,0,1_1H,74,1.0,0.7702702702702703,0.8702290076335879,W02,2370,none
board_grouped,v6_1_frequency_fusion,Frequency + v6.1 embedding,frequency_embedding_fusion,random_forest,10574,1,1_1T,113,1.0,0.9911504424778761,0.9955555555555555,W02,2370,none
board_grouped,v6_1_frequency_fusion,Frequency + v6.1 embedding,frequency_embedding_fusion,random_forest,10574,2,1_2,142,0.7837837837837838,0.8169014084507042,0.8,W02,2370,none
board_grouped,v6_1_frequency_fusion,Frequency + v6.1 embedding,frequency_embedding_fusion,random_forest,10574,3,2_1,169,0.8395061728395061,0.8047337278106509,0.8217522658610272,W02,2370,none
board_grouped,v6_1_frequency_fusion,Frequency + v6.1 embedding,frequency_embedding_fusion,random_forest,10574,4,higher,1872,0.9841353781068218,0.9941239316239316,0.9891044379484454,W02,2370,none
board_grouped,v6_1_frequency_fusion,Frequency + v6.1 embedding,frequency_embedding_fusion,random_forest,11478,0,1_1H,90,0.9764705882352941,0.9222222222222223,0.9485714285714287,W03,1466,none
board_grouped,v6_1_frequency_fusion,Frequency + v6.1 embedding,frequency_embedding_fusion,random_forest,11478,1,1_1T,93,0.9484536082474226,0.989247311827957,0.968421052631579,W03,1466,none
board_grouped,v6_1_frequency_fusion,Frequency + v6.1 embedding,frequency_embedding_fusion,random_forest,11478,2,1_2,123,0.8846153846153846,0.9349593495934959,0.909090909090909,W03,1466,none
board_grouped,v6_1_frequency_fusion,Frequency + v6.1 embedding,frequency_embedding_fusion,random_forest,11478,3,2_1,64,0.9347826086956522,0.671875,0.7818181818181819,W03,1466,none
board_grouped,v6_1_frequency_fusion,Frequency + v6.1 embedding,frequency_embedding_fusion,random_forest,11478,4,higher,1096,0.983754512635379,0.9945255474452555,0.9891107078039928,W03,1466,none
board_grouped,v6_2_a_embedding_only,v6.2-A embedding only,embedding_only,balanced_logistic_regression,10211,0,1_1H,129,0.8905109489051095,0.9457364341085271,0.9172932330827068,C01,2733,none
board_grouped,v6_2_a_embedding_only,v6.2-A embedding only,embedding_only,balanced_logistic_regression,10211,1,1_1T,170,0.9937106918238994,0.9294117647058824,0.9604863221884499,C01,2733,none
board_grouped,v6_2_a_embedding_only,v6.2-A embedding only,embedding_only,balanced_logistic_regression,10211,2,1_2,57,0.8245614035087719,0.8245614035087719,0.8245614035087719,C01,2733,none
board_grouped,v6_2_a_embedding_only,v6.2-A embedding only,embedding_only,balanced_logistic_regression,10211,3,2_1,77,0.8765432098765432,0.922077922077922,0.8987341772151898,C01,2733,none
board_grouped,v6_2_a_embedding_only,v6.2-A embedding only,embedding_only,balanced_logistic_regression,10211,4,higher,2300,0.9891257068290561,0.9886956521739131,0.9889106327462491,C01,2733,none
board_grouped,v6_2_a_embedding_only,v6.2-A embedding only,embedding_only,balanced_logistic_regression,10625,0,1_1H,134,0.8466666666666667,0.9477611940298507,0.8943661971830985,C02,2319,none
board_grouped,v6_2_a_embedding_only,v6.2-A embedding only,embedding_only,balanced_logistic_regression,10625,1,1_1T,112,0.8666666666666667,0.9285714285714286,0.896551724137931,C02,2319,none
board_grouped,v6_2_a_embedding_only,v6.2-A embedding only,embedding_only,balanced_logistic_regression,10625,2,1_2,141,0.8775510204081632,0.9148936170212766,0.8958333333333333,C02,2319,none
board_grouped,v6_2_a_embedding_only,v6.2-A embedding only,embedding_only,balanced_logistic_regression,10625,3,2_1,157,0.6337448559670782,0.9808917197452229,0.77,C02,2319,none
board_grouped,v6_2_a_embedding_only,v6.2-A embedding only,embedding_only,balanced_logistic_regression,10625,4,higher,1775,0.9957805907172996,0.9307042253521127,0.9621432731508445,C02,2319,none
board_grouped,v6_2_a_embedding_only,v6.2-A embedding only,embedding_only,balanced_logistic_regression,11307,0,1_1H,110,0.9722222222222222,0.9545454545454546,0.963302752293578,C03,1637,none
board_grouped,v6_2_a_embedding_only,v6.2-A embedding only,embedding_only,balanced_logistic_regression,11307,1,1_1T,74,0.8961038961038961,0.9324324324324325,0.9139072847682119,C03,1637,none
board_grouped,v6_2_a_embedding_only,v6.2-A embedding only,embedding_only,balanced_logistic_regression,11307,2,1_2,98,1.0,0.8877551020408163,0.9405405405405405,C03,1637,none
board_grouped,v6_2_a_embedding_only,v6.2-A embedding only,embedding_only,balanced_logistic_regression,11307,3,2_1,117,0.9724770642201835,0.905982905982906,0.9380530973451328,C03,1637,none
board_grouped,v6_2_a_embedding_only,v6.2-A embedding only,embedding_only,balanced_logistic_regression,11307,4,higher,1238,0.9753184713375797,0.9894991922455574,0.9823576583801124,C03,1637,none
board_grouped,v6_2_a_embedding_only,v6.2-A embedding only,embedding_only,balanced_logistic_regression,10525,0,1_1H,116,0.9262295081967213,0.9741379310344828,0.9495798319327732,W01,2419,none
board_grouped,v6_2_a_embedding_only,v6.2-A embedding only,embedding_only,balanced_logistic_regression,10525,1,1_1T,107,0.9603960396039604,0.9065420560747663,0.9326923076923077,W01,2419,none
board_grouped,v6_2_a_embedding_only,v6.2-A embedding only,embedding_only,balanced_logistic_regression,10525,2,1_2,177,0.6489795918367347,0.8983050847457628,0.7535545023696683,W01,2419,none
board_grouped,v6_2_a_embedding_only,v6.2-A embedding only,embedding_only,balanced_logistic_regression,10525,3,2_1,185,0.8097560975609757,0.8972972972972973,0.8512820512820515,W01,2419,none
board_grouped,v6_2_a_embedding_only,v6.2-A embedding only,embedding_only,balanced_logistic_regression,10525,4,higher,1834,0.995418098510882,0.9476553980370774,0.9709497206703911,W01,2419,none
board_grouped,v6_2_a_embedding_only,v6.2-A embedding only,embedding_only,balanced_logistic_regression,10574,0,1_1H,74,0.8641975308641975,0.9459459459459459,0.903225806451613,W02,2370,none
board_grouped,v6_2_a_embedding_only,v6.2-A embedding only,embedding_only,balanced_logistic_regression,10574,1,1_1T,113,0.8625954198473282,1.0,0.9262295081967213,W02,2370,none
board_grouped,v6_2_a_embedding_only,v6.2-A embedding only,embedding_only,balanced_logistic_regression,10574,2,1_2,142,0.8992805755395683,0.8802816901408451,0.8896797153024911,W02,2370,none
board_grouped,v6_2_a_embedding_only,v6.2-A embedding only,embedding_only,balanced_logistic_regression,10574,3,2_1,169,0.9213483146067416,0.9704142011834319,0.9452449567723343,W02,2370,none
board_grouped,v6_2_a_embedding_only,v6.2-A embedding only,embedding_only,balanced_logistic_regression,10574,4,higher,1872,0.9961977186311787,0.9797008547008547,0.9878804201454349,W02,2370,none
board_grouped,v6_2_a_embedding_only,v6.2-A embedding only,embedding_only,balanced_logistic_regression,11478,0,1_1H,90,0.9880952380952381,0.9222222222222223,0.9540229885057472,W03,1466,none
board_grouped,v6_2_a_embedding_only,v6.2-A embedding only,embedding_only,balanced_logistic_regression,11478,1,1_1T,93,0.9444444444444444,0.9139784946236559,0.9289617486338798,W03,1466,none
board_grouped,v6_2_a_embedding_only,v6.2-A embedding only,embedding_only,balanced_logistic_regression,11478,2,1_2,123,0.7777777777777778,0.967479674796748,0.8623188405797101,W03,1466,none
board_grouped,v6_2_a_embedding_only,v6.2-A embedding only,embedding_only,balanced_logistic_regression,11478,3,2_1,64,0.9622641509433962,0.796875,0.8717948717948717,W03,1466,none
board_grouped,v6_2_a_embedding_only,v6.2-A embedding only,embedding_only,balanced_logistic_regression,11478,4,higher,1096,0.9806629834254144,0.9717153284671532,0.9761686526122823,W03,1466,none
board_grouped,v6_2_a_embedding_only,v6.2-A embedding only,embedding_only,random_forest,10211,0,1_1H,129,0.953125,0.9457364341085271,0.9494163424124514,C01,2733,none
board_grouped,v6_2_a_embedding_only,v6.2-A embedding only,embedding_only,random_forest,10211,1,1_1T,170,1.0,0.9411764705882353,0.9696969696969697,C01,2733,none
board_grouped,v6_2_a_embedding_only,v6.2-A embedding only,embedding_only,random_forest,10211,2,1_2,57,0.9767441860465116,0.7368421052631579,0.8399999999999999,C01,2733,none
board_grouped,v6_2_a_embedding_only,v6.2-A embedding only,embedding_only,random_forest,10211,3,2_1,77,0.9102564102564102,0.922077922077922,0.9161290322580644,C01,2733,none
board_grouped,v6_2_a_embedding_only,v6.2-A embedding only,embedding_only,random_forest,10211,4,higher,2300,0.9875215146299484,0.9978260869565218,0.9926470588235294,C01,2733,none
board_grouped,v6_2_a_embedding_only,v6.2-A embedding only,embedding_only,random_forest,10625,0,1_1H,134,0.8551724137931035,0.9253731343283582,0.888888888888889,C02,2319,none
board_grouped,v6_2_a_embedding_only,v6.2-A embedding only,embedding_only,random_forest,10625,1,1_1T,112,0.9615384615384616,0.8928571428571429,0.9259259259259259,C02,2319,none
board_grouped,v6_2_a_embedding_only,v6.2-A embedding only,embedding_only,random_forest,10625,2,1_2,141,0.984375,0.8936170212765957,0.9368029739776951,C02,2319,none
board_grouped,v6_2_a_embedding_only,v6.2-A embedding only,embedding_only,random_forest,10625,3,2_1,157,0.9724137931034482,0.8980891719745223,0.9337748344370861,C02,2319,none
board_grouped,v6_2_a_embedding_only,v6.2-A embedding only,embedding_only,random_forest,10625,4,higher,1775,0.9716193656093489,0.9836619718309859,0.9776035834266518,C02,2319,none
board_grouped,v6_2_a_embedding_only,v6.2-A embedding only,embedding_only,random_forest,11307,0,1_1H,110,0.9719626168224299,0.9454545454545454,0.9585253456221198,C03,1637,none
board_grouped,v6_2_a_embedding_only,v6.2-A embedding only,embedding_only,random_forest,11307,1,1_1T,74,1.0,0.9324324324324325,0.965034965034965,C03,1637,none
board_grouped,v6_2_a_embedding_only,v6.2-A embedding only,embedding_only,random_forest,11307,2,1_2,98,1.0,0.8979591836734694,0.9462365591397849,C03,1637,none
board_grouped,v6_2_a_embedding_only,v6.2-A embedding only,embedding_only,random_forest,11307,3,2_1,117,1.0,0.8974358974358975,0.945945945945946,C03,1637,none
board_grouped,v6_2_a_embedding_only,v6.2-A embedding only,embedding_only,random_forest,11307,4,higher,1238,0.9739747634069401,0.9975767366720517,0.985634477254589,C03,1637,none
board_grouped,v6_2_a_embedding_only,v6.2-A embedding only,embedding_only,random_forest,10525,0,1_1H,116,0.9734513274336283,0.9482758620689655,0.9606986899563318,W01,2419,none
board_grouped,v6_2_a_embedding_only,v6.2-A embedding only,embedding_only,random_forest,10525,1,1_1T,107,0.9897959183673469,0.9065420560747663,0.9463414634146342,W01,2419,none
board_grouped,v6_2_a_embedding_only,v6.2-A embedding only,embedding_only,random_forest,10525,2,1_2,177,0.9,0.864406779661017,0.8818443804034583,W01,2419,none
board_grouped,v6_2_a_embedding_only,v6.2-A embedding only,embedding_only,random_forest,10525,3,2_1,185,0.8762886597938144,0.918918918918919,0.8970976253298153,W01,2419,none
board_grouped,v6_2_a_embedding_only,v6.2-A embedding only,embedding_only,random_forest,10525,4,higher,1834,0.9810195227765727,0.9863685932388222,0.9836867862969005,W01,2419,none
board_grouped,v6_2_a_embedding_only,v6.2-A embedding only,embedding_only,random_forest,10574,0,1_1H,74,0.9850746268656716,0.8918918918918919,0.9361702127659575,W02,2370,none
board_grouped,v6_2_a_embedding_only,v6.2-A embedding only,embedding_only,random_forest,10574,1,1_1T,113,0.9818181818181818,0.9557522123893806,0.968609865470852,W02,2370,none
board_grouped,v6_2_a_embedding_only,v6.2-A embedding only,embedding_only,random_forest,10574,2,1_2,142,0.9701492537313433,0.9154929577464789,0.9420289855072463,W02,2370,none
board_grouped,v6_2_a_embedding_only,v6.2-A embedding only,embedding_only,random_forest,10574,3,2_1,169,0.9872611464968153,0.9171597633136095,0.9509202453987731,W02,2370,none
board_grouped,v6_2_a_embedding_only,v6.2-A embedding only,embedding_only,random_forest,10574,4,higher,1872,0.9815983175604627,0.9973290598290598,0.9894011658717542,W02,2370,none
board_grouped,v6_2_a_embedding_only,v6.2-A embedding only,embedding_only,random_forest,11478,0,1_1H,90,1.0,0.9222222222222223,0.9595375722543353,W03,1466,none
board_grouped,v6_2_a_embedding_only,v6.2-A embedding only,embedding_only,random_forest,11478,1,1_1T,93,0.9555555555555556,0.9247311827956989,0.9398907103825136,W03,1466,none
board_grouped,v6_2_a_embedding_only,v6.2-A embedding only,embedding_only,random_forest,11478,2,1_2,123,0.8823529411764706,0.975609756097561,0.9266409266409267,W03,1466,none
board_grouped,v6_2_a_embedding_only,v6.2-A embedding only,embedding_only,random_forest,11478,3,2_1,64,0.9464285714285714,0.828125,0.8833333333333333,W03,1466,none
board_grouped,v6_2_a_embedding_only,v6.2-A embedding only,embedding_only,random_forest,11478,4,higher,1096,0.9836512261580381,0.9881386861313869,0.9858898497951751,W03,1466,none
board_grouped,v6_2_a_frequency_fusion,Frequency + v6.2-A embedding,frequency_embedding_fusion,balanced_logistic_regression,10211,0,1_1H,129,0.9922480620155039,0.9922480620155039,0.9922480620155039,C01,2733,none
board_grouped,v6_2_a_frequency_fusion,Frequency + v6.2-A embedding,frequency_embedding_fusion,balanced_logistic_regression,10211,1,1_1T,170,0.9883040935672515,0.9941176470588236,0.9912023460410556,C01,2733,none
board_grouped,v6_2_a_frequency_fusion,Frequency + v6.2-A embedding,frequency_embedding_fusion,balanced_logistic_regression,10211,2,1_2,57,0.7391304347826086,0.8947368421052632,0.8095238095238095,C01,2733,none
board_grouped,v6_2_a_frequency_fusion,Frequency + v6.2-A embedding,frequency_embedding_fusion,balanced_logistic_regression,10211,3,2_1,77,0.922077922077922,0.922077922077922,0.922077922077922,C01,2733,none
board_grouped,v6_2_a_frequency_fusion,Frequency + v6.2-A embedding,frequency_embedding_fusion,balanced_logistic_regression,10211,4,higher,2300,0.9982509838216004,0.9926086956521739,0.9954218443427076,C01,2733,none
board_grouped,v6_2_a_frequency_fusion,Frequency + v6.2-A embedding,frequency_embedding_fusion,balanced_logistic_regression,10625,0,1_1H,134,0.9696969696969697,0.9552238805970149,0.9624060150375939,C02,2319,none
board_grouped,v6_2_a_frequency_fusion,Frequency + v6.2-A embedding,frequency_embedding_fusion,balanced_logistic_regression,10625,1,1_1T,112,0.9716981132075472,0.9196428571428571,0.944954128440367,C02,2319,none
board_grouped,v6_2_a_frequency_fusion,Frequency + v6.2-A embedding,frequency_embedding_fusion,balanced_logistic_regression,10625,2,1_2,141,0.8904109589041096,0.9219858156028369,0.9059233449477352,C02,2319,none
board_grouped,v6_2_a_frequency_fusion,Frequency + v6.2-A embedding,frequency_embedding_fusion,balanced_logistic_regression,10625,3,2_1,157,0.6828193832599119,0.9872611464968153,0.8072916666666666,C02,2319,none
board_grouped,v6_2_a_frequency_fusion,Frequency + v6.2-A embedding,frequency_embedding_fusion,balanced_logistic_regression,10625,4,higher,1775,0.9994145199063232,0.9616901408450704,0.9801894918173988,C02,2319,none
board_grouped,v6_2_a_frequency_fusion,Frequency + v6.2-A embedding,frequency_embedding_fusion,balanced_logistic_regression,11307,0,1_1H,110,1.0,0.9545454545454546,0.9767441860465117,C03,1637,none
board_grouped,v6_2_a_frequency_fusion,Frequency + v6.2-A embedding,frequency_embedding_fusion,balanced_logistic_regression,11307,1,1_1T,74,1.0,0.9864864864864865,0.9931972789115647,C03,1637,none
board_grouped,v6_2_a_frequency_fusion,Frequency + v6.2-A embedding,frequency_embedding_fusion,balanced_logistic_regression,11307,2,1_2,98,0.945054945054945,0.8775510204081632,0.91005291005291,C03,1637,none
board_grouped,v6_2_a_frequency_fusion,Frequency + v6.2-A embedding,frequency_embedding_fusion,balanced_logistic_regression,11307,3,2_1,117,0.9553571428571429,0.9145299145299145,0.9344978165938864,C03,1637,none
board_grouped,v6_2_a_frequency_fusion,Frequency + v6.2-A embedding,frequency_embedding_fusion,balanced_logistic_regression,11307,4,higher,1238,0.9840764331210191,0.9983844911147012,0.9911788291900561,C03,1637,none
board_grouped,v6_2_a_frequency_fusion,Frequency + v6.2-A embedding,frequency_embedding_fusion,balanced_logistic_regression,10525,0,1_1H,116,0.9504132231404959,0.9913793103448276,0.9704641350210972,W01,2419,none
board_grouped,v6_2_a_frequency_fusion,Frequency + v6.2-A embedding,frequency_embedding_fusion,balanced_logistic_regression,10525,1,1_1T,107,1.0,0.9252336448598131,0.9611650485436893,W01,2419,none
board_grouped,v6_2_a_frequency_fusion,Frequency + v6.2-A embedding,frequency_embedding_fusion,balanced_logistic_regression,10525,2,1_2,177,0.8125,0.8813559322033898,0.8455284552845529,W01,2419,none
board_grouped,v6_2_a_frequency_fusion,Frequency + v6.2-A embedding,frequency_embedding_fusion,balanced_logistic_regression,10525,3,2_1,185,0.8217821782178217,0.8972972972972973,0.8578811369509044,W01,2419,none
board_grouped,v6_2_a_frequency_fusion,Frequency + v6.2-A embedding,frequency_embedding_fusion,balanced_logistic_regression,10525,4,higher,1834,1.0,0.9841875681570338,0.9920307776861775,W01,2419,none
board_grouped,v6_2_a_frequency_fusion,Frequency + v6.2-A embedding,frequency_embedding_fusion,balanced_logistic_regression,10574,0,1_1H,74,0.9855072463768116,0.918918918918919,0.951048951048951,W02,2370,none
board_grouped,v6_2_a_frequency_fusion,Frequency + v6.2-A embedding,frequency_embedding_fusion,balanced_logistic_regression,10574,1,1_1T,113,0.9741379310344828,1.0,0.9868995633187774,W02,2370,none
board_grouped,v6_2_a_frequency_fusion,Frequency + v6.2-A embedding,frequency_embedding_fusion,balanced_logistic_regression,10574,2,1_2,142,0.9300699300699301,0.9366197183098591,0.9333333333333333,W02,2370,none
board_grouped,v6_2_a_frequency_fusion,Frequency + v6.2-A embedding,frequency_embedding_fusion,balanced_logistic_regression,10574,3,2_1,169,0.9314285714285714,0.9644970414201184,0.9476744186046512,W02,2370,none
board_grouped,v6_2_a_frequency_fusion,Frequency + v6.2-A embedding,frequency_embedding_fusion,balanced_logistic_regression,10574,4,higher,1872,1.0,0.9973290598290598,0.9986627440492111,W02,2370,none
board_grouped,v6_2_a_frequency_fusion,Frequency + v6.2-A embedding,frequency_embedding_fusion,balanced_logistic_regression,11478,0,1_1H,90,1.0,0.9888888888888889,0.9944134078212291,W03,1466,none
board_grouped,v6_2_a_frequency_fusion,Frequency + v6.2-A embedding,frequency_embedding_fusion,balanced_logistic_regression,11478,1,1_1T,93,0.967391304347826,0.956989247311828,0.9621621621621621,W03,1466,none
board_grouped,v6_2_a_frequency_fusion,Frequency + v6.2-A embedding,frequency_embedding_fusion,balanced_logistic_regression,11478,2,1_2,123,0.8120805369127517,0.983739837398374,0.8897058823529413,W03,1466,none
board_grouped,v6_2_a_frequency_fusion,Frequency + v6.2-A embedding,frequency_embedding_fusion,balanced_logistic_regression,11478,3,2_1,64,0.9803921568627451,0.78125,0.8695652173913042,W03,1466,none
board_grouped,v6_2_a_frequency_fusion,Frequency + v6.2-A embedding,frequency_embedding_fusion,balanced_logistic_regression,11478,4,higher,1096,0.9990783410138249,0.9890510948905109,0.9940394314534617,W03,1466,none
board_grouped,v6_2_a_frequency_fusion,Frequency + v6.2-A embedding,frequency_embedding_fusion,random_forest,10211,0,1_1H,129,0.9606299212598425,0.9457364341085271,0.9531249999999999,C01,2733,none
board_grouped,v6_2_a_frequency_fusion,Frequency + v6.2-A embedding,frequency_embedding_fusion,random_forest,10211,1,1_1T,170,1.0,0.9411764705882353,0.9696969696969697,C01,2733,none
board_grouped,v6_2_a_frequency_fusion,Frequency + v6.2-A embedding,frequency_embedding_fusion,random_forest,10211,2,1_2,57,0.9772727272727273,0.7543859649122807,0.8514851485148516,C01,2733,none
board_grouped,v6_2_a_frequency_fusion,Frequency + v6.2-A embedding,frequency_embedding_fusion,random_forest,10211,3,2_1,77,0.922077922077922,0.922077922077922,0.922077922077922,C01,2733,none
board_grouped,v6_2_a_frequency_fusion,Frequency + v6.2-A embedding,frequency_embedding_fusion,random_forest,10211,4,higher,2300,0.9875268817204301,0.9982608695652174,0.9928648648648649,C01,2733,none
board_grouped,v6_2_a_frequency_fusion,Frequency + v6.2-A embedding,frequency_embedding_fusion,random_forest,10625,0,1_1H,134,0.8775510204081632,0.9626865671641791,0.9181494661921707,C02,2319,none
board_grouped,v6_2_a_frequency_fusion,Frequency + v6.2-A embedding,frequency_embedding_fusion,random_forest,10625,1,1_1T,112,0.9615384615384616,0.8928571428571429,0.9259259259259259,C02,2319,none
board_grouped,v6_2_a_frequency_fusion,Frequency + v6.2-A embedding,frequency_embedding_fusion,random_forest,10625,2,1_2,141,1.0,0.8936170212765957,0.9438202247191011,C02,2319,none
board_grouped,v6_2_a_frequency_fusion,Frequency + v6.2-A embedding,frequency_embedding_fusion,random_forest,10625,3,2_1,157,0.9862068965517241,0.910828025477707,0.9470198675496688,C02,2319,none
board_grouped,v6_2_a_frequency_fusion,Frequency + v6.2-A embedding,frequency_embedding_fusion,random_forest,10625,4,higher,1775,0.9749582637729549,0.9870422535211267,0.980963045912654,C02,2319,none
board_grouped,v6_2_a_frequency_fusion,Frequency + v6.2-A embedding,frequency_embedding_fusion,random_forest,11307,0,1_1H,110,0.9719626168224299,0.9454545454545454,0.9585253456221198,C03,1637,none
board_grouped,v6_2_a_frequency_fusion,Frequency + v6.2-A embedding,frequency_embedding_fusion,random_forest,11307,1,1_1T,74,1.0,0.9324324324324325,0.965034965034965,C03,1637,none
board_grouped,v6_2_a_frequency_fusion,Frequency + v6.2-A embedding,frequency_embedding_fusion,random_forest,11307,2,1_2,98,1.0,0.8979591836734694,0.9462365591397849,C03,1637,none
board_grouped,v6_2_a_frequency_fusion,Frequency + v6.2-A embedding,frequency_embedding_fusion,random_forest,11307,3,2_1,117,1.0,0.8974358974358975,0.945945945945946,C03,1637,none
board_grouped,v6_2_a_frequency_fusion,Frequency + v6.2-A embedding,frequency_embedding_fusion,random_forest,11307,4,higher,1238,0.9739747634069401,0.9975767366720517,0.985634477254589,C03,1637,none
board_grouped,v6_2_a_frequency_fusion,Frequency + v6.2-A embedding,frequency_embedding_fusion,random_forest,10525,0,1_1H,116,1.0,0.9655172413793104,0.9824561403508771,W01,2419,none
board_grouped,v6_2_a_frequency_fusion,Frequency + v6.2-A embedding,frequency_embedding_fusion,random_forest,10525,1,1_1T,107,0.98989898989899,0.9158878504672897,0.9514563106796117,W01,2419,none
board_grouped,v6_2_a_frequency_fusion,Frequency + v6.2-A embedding,frequency_embedding_fusion,random_forest,10525,2,1_2,177,0.9127906976744186,0.8870056497175142,0.8997134670487106,W01,2419,none
board_grouped,v6_2_a_frequency_fusion,Frequency + v6.2-A embedding,frequency_embedding_fusion,random_forest,10525,3,2_1,185,0.9055555555555556,0.8810810810810811,0.8931506849315068,W01,2419,none
board_grouped,v6_2_a_frequency_fusion,Frequency + v6.2-A embedding,frequency_embedding_fusion,random_forest,10525,4,higher,1834,0.9795258620689655,0.9912758996728462,0.9853658536585367,W01,2419,none
board_grouped,v6_2_a_frequency_fusion,Frequency + v6.2-A embedding,frequency_embedding_fusion,random_forest,10574,0,1_1H,74,0.9850746268656716,0.8918918918918919,0.9361702127659575,W02,2370,none
board_grouped,v6_2_a_frequency_fusion,Frequency + v6.2-A embedding,frequency_embedding_fusion,random_forest,10574,1,1_1T,113,0.9818181818181818,0.9557522123893806,0.968609865470852,W02,2370,none
board_grouped,v6_2_a_frequency_fusion,Frequency + v6.2-A embedding,frequency_embedding_fusion,random_forest,10574,2,1_2,142,0.9701492537313433,0.9154929577464789,0.9420289855072463,W02,2370,none
board_grouped,v6_2_a_frequency_fusion,Frequency + v6.2-A embedding,frequency_embedding_fusion,random_forest,10574,3,2_1,169,0.9811320754716981,0.9230769230769231,0.9512195121951219,W02,2370,none
board_grouped,v6_2_a_frequency_fusion,Frequency + v6.2-A embedding,frequency_embedding_fusion,random_forest,10574,4,higher,1872,0.9831578947368421,0.9978632478632479,0.9904559915164368,W02,2370,none
board_grouped,v6_2_a_frequency_fusion,Frequency + v6.2-A embedding,frequency_embedding_fusion,random_forest,11478,0,1_1H,90,1.0,0.9222222222222223,0.9595375722543353,W03,1466,none
board_grouped,v6_2_a_frequency_fusion,Frequency + v6.2-A embedding,frequency_embedding_fusion,random_forest,11478,1,1_1T,93,0.9666666666666667,0.9354838709677419,0.9508196721311476,W03,1466,none
board_grouped,v6_2_a_frequency_fusion,Frequency + v6.2-A embedding,frequency_embedding_fusion,random_forest,11478,2,1_2,123,0.9302325581395349,0.975609756097561,0.9523809523809524,W03,1466,none
board_grouped,v6_2_a_frequency_fusion,Frequency + v6.2-A embedding,frequency_embedding_fusion,random_forest,11478,3,2_1,64,0.9152542372881356,0.84375,0.8780487804878049,W03,1466,none
board_grouped,v6_2_a_frequency_fusion,Frequency + v6.2-A embedding,frequency_embedding_fusion,random_forest,11478,4,higher,1096,0.983710407239819,0.9917883211678832,0.987732848705134,W03,1466,none
board_grouped,random_resnet18_embedding_only,Random ResNet-18 embedding only,embedding_only,balanced_logistic_regression,10211,0,1_1H,129,0.9615384615384616,0.1937984496124031,0.3225806451612903,C01,2733,none
board_grouped,random_resnet18_embedding_only,Random ResNet-18 embedding only,embedding_only,balanced_logistic_regression,10211,1,1_1T,170,0.625615763546798,0.7470588235294118,0.6809651474530831,C01,2733,none
board_grouped,random_resnet18_embedding_only,Random ResNet-18 embedding only,embedding_only,balanced_logistic_regression,10211,2,1_2,57,0.04,0.05263157894736842,0.04545454545454545,C01,2733,none
board_grouped,random_resnet18_embedding_only,Random ResNet-18 embedding only,embedding_only,balanced_logistic_regression,10211,3,2_1,77,0.07692307692307693,0.14285714285714285,0.1,C01,2733,none
board_grouped,random_resnet18_embedding_only,Random ResNet-18 embedding only,embedding_only,balanced_logistic_regression,10211,4,higher,2300,0.92082239720035,0.9152173913043479,0.9180113388573921,C01,2733,none
board_grouped,random_resnet18_embedding_only,Random ResNet-18 embedding only,embedding_only,balanced_logistic_regression,10625,0,1_1H,134,0.5075757575757576,0.5,0.5037593984962406,C02,2319,none
board_grouped,random_resnet18_embedding_only,Random ResNet-18 embedding only,embedding_only,balanced_logistic_regression,10625,1,1_1T,112,0.15384615384615385,0.07142857142857142,0.0975609756097561,C02,2319,none
board_grouped,random_resnet18_embedding_only,Random ResNet-18 embedding only,embedding_only,balanced_logistic_regression,10625,2,1_2,141,1.0,0.03546099290780142,0.06849315068493152,C02,2319,none
board_grouped,random_resnet18_embedding_only,Random ResNet-18 embedding only,embedding_only,balanced_logistic_regression,10625,3,2_1,157,0.35,0.044585987261146494,0.0790960451977401,C02,2319,none
board_grouped,random_resnet18_embedding_only,Random ResNet-18 embedding only,embedding_only,balanced_logistic_regression,10625,4,higher,1775,0.8075829383886256,0.96,0.8772200772200772,C02,2319,none
board_grouped,random_resnet18_embedding_only,Random ResNet-18 embedding only,embedding_only,balanced_logistic_regression,11307,0,1_1H,110,0.19272727272727272,0.4818181818181818,0.2753246753246753,C03,1637,none
board_grouped,random_resnet18_embedding_only,Random ResNet-18 embedding only,embedding_only,balanced_logistic_regression,11307,1,1_1T,74,0.21764705882352942,0.5,0.30327868852459017,C03,1637,none
board_grouped,random_resnet18_embedding_only,Random ResNet-18 embedding only,embedding_only,balanced_logistic_regression,11307,2,1_2,98,0.75,0.061224489795918366,0.11320754716981131,C03,1637,none
board_grouped,random_resnet18_embedding_only,Random ResNet-18 embedding only,embedding_only,balanced_logistic_regression,11307,3,2_1,117,0.07291666666666667,0.05982905982905983,0.06572769953051644,C03,1637,none
board_grouped,random_resnet18_embedding_only,Random ResNet-18 embedding only,embedding_only,balanced_logistic_regression,11307,4,higher,1238,0.8492647058823529,0.7463651050080775,0.7944969905417024,C03,1637,none
board_grouped,random_resnet18_embedding_only,Random ResNet-18 embedding only,embedding_only,balanced_logistic_regression,10525,0,1_1H,116,0.18240343347639484,0.7327586206896551,0.2920962199312715,W01,2419,none
board_grouped,random_resnet18_embedding_only,Random ResNet-18 embedding only,embedding_only,balanced_logistic_regression,10525,1,1_1T,107,0.7894736842105263,0.14018691588785046,0.23809523809523805,W01,2419,none
board_grouped,random_resnet18_embedding_only,Random ResNet-18 embedding only,embedding_only,balanced_logistic_regression,10525,2,1_2,177,0.5,0.011299435028248588,0.022099447513812154,W01,2419,none
board_grouped,random_resnet18_embedding_only,Random ResNet-18 embedding only,embedding_only,balanced_logistic_regression,10525,3,2_1,185,0.0,0.0,0.0,W01,2419,none
board_grouped,random_resnet18_embedding_only,Random ResNet-18 embedding only,embedding_only,balanced_logistic_regression,10525,4,higher,1834,0.8300518134715026,0.8735005452562704,0.8512221041445271,W01,2419,none
board_grouped,random_resnet18_embedding_only,Random ResNet-18 embedding only,embedding_only,balanced_logistic_regression,10574,0,1_1H,74,0.0,0.0,0.0,W02,2370,none
board_grouped,random_resnet18_embedding_only,Random ResNet-18 embedding only,embedding_only,balanced_logistic_regression,10574,1,1_1T,113,1.0,0.008849557522123894,0.017543859649122806,W02,2370,none
board_grouped,random_resnet18_embedding_only,Random ResNet-18 embedding only,embedding_only,balanced_logistic_regression,10574,2,1_2,142,0.4017094017094017,0.6619718309859155,0.5000000000000001,W02,2370,none
board_grouped,random_resnet18_embedding_only,Random ResNet-18 embedding only,embedding_only,balanced_logistic_regression,10574,3,2_1,169,0.3125,0.47337278106508873,0.37647058823529406,W02,2370,none
board_grouped,random_resnet18_embedding_only,Random ResNet-18 embedding only,embedding_only,balanced_logistic_regression,10574,4,higher,1872,0.9468313641245972,0.9417735042735043,0.9442956614890198,W02,2370,none
board_grouped,random_resnet18_embedding_only,Random ResNet-18 embedding only,embedding_only,balanced_logistic_regression,11478,0,1_1H,90,0.3333333333333333,0.03333333333333333,0.0606060606060606,W03,1466,none
board_grouped,random_resnet18_embedding_only,Random ResNet-18 embedding only,embedding_only,balanced_logistic_regression,11478,1,1_1T,93,0.3416149068322981,0.5913978494623656,0.4330708661417323,W03,1466,none
board_grouped,random_resnet18_embedding_only,Random ResNet-18 embedding only,embedding_only,balanced_logistic_regression,11478,2,1_2,123,0.11811023622047244,0.975609756097561,0.21071115013169447,W03,1466,none
board_grouped,random_resnet18_embedding_only,Random ResNet-18 embedding only,embedding_only,balanced_logistic_regression,11478,3,2_1,64,0.5,0.03125,0.058823529411764705,W03,1466,none
board_grouped,random_resnet18_embedding_only,Random ResNet-18 embedding only,embedding_only,balanced_logistic_regression,11478,4,higher,1096,0.9963768115942029,0.2509124087591241,0.4008746355685131,W03,1466,none
board_grouped,random_resnet18_embedding_only,Random ResNet-18 embedding only,embedding_only,random_forest,10211,0,1_1H,129,0.0,0.0,0.0,C01,2733,none
board_grouped,random_resnet18_embedding_only,Random ResNet-18 embedding only,embedding_only,random_forest,10211,1,1_1T,170,0.9333333333333333,0.08235294117647059,0.15135135135135136,C01,2733,none
board_grouped,random_resnet18_embedding_only,Random ResNet-18 embedding only,embedding_only,random_forest,10211,2,1_2,57,0.0,0.0,0.0,C01,2733,none
board_grouped,random_resnet18_embedding_only,Random ResNet-18 embedding only,embedding_only,random_forest,10211,3,2_1,77,0.0,0.0,0.0,C01,2733,none
board_grouped,random_resnet18_embedding_only,Random ResNet-18 embedding only,embedding_only,random_forest,10211,4,higher,2300,0.8462104488594555,1.0,0.9166998804304504,C01,2733,none
board_grouped,random_resnet18_embedding_only,Random ResNet-18 embedding only,embedding_only,random_forest,10625,0,1_1H,134,0.20359281437125748,0.2537313432835821,0.22591362126245848,C02,2319,none
board_grouped,random_resnet18_embedding_only,Random ResNet-18 embedding only,embedding_only,random_forest,10625,1,1_1T,112,0.05,0.008928571428571428,0.015151515151515152,C02,2319,none
board_grouped,random_resnet18_embedding_only,Random ResNet-18 embedding only,embedding_only,random_forest,10625,2,1_2,141,0.0,0.0,0.0,C02,2319,none
board_grouped,random_resnet18_embedding_only,Random ResNet-18 embedding only,embedding_only,random_forest,10625,3,2_1,157,0.0,0.0,0.0,C02,2319,none
board_grouped,random_resnet18_embedding_only,Random ResNet-18 embedding only,embedding_only,random_forest,10625,4,higher,1775,0.7804878048780488,0.9374647887323944,0.8518044535449193,C02,2319,none
board_grouped,random_resnet18_embedding_only,Random ResNet-18 embedding only,embedding_only,random_forest,11307,0,1_1H,110,0.0,0.0,0.0,C03,1637,none
board_grouped,random_resnet18_embedding_only,Random ResNet-18 embedding only,embedding_only,random_forest,11307,1,1_1T,74,0.0,0.0,0.0,C03,1637,none
board_grouped,random_resnet18_embedding_only,Random ResNet-18 embedding only,embedding_only,random_forest,11307,2,1_2,98,0.0,0.0,0.0,C03,1637,none
board_grouped,random_resnet18_embedding_only,Random ResNet-18 embedding only,embedding_only,random_forest,11307,3,2_1,117,0.0,0.0,0.0,C03,1637,none
board_grouped,random_resnet18_embedding_only,Random ResNet-18 embedding only,embedding_only,random_forest,11307,4,higher,1238,0.7562614538790471,1.0,0.8612173913043478,C03,1637,none
board_grouped,random_resnet18_embedding_only,Random ResNet-18 embedding only,embedding_only,random_forest,10525,0,1_1H,116,0.0,0.0,0.0,W01,2419,none
board_grouped,random_resnet18_embedding_only,Random ResNet-18 embedding only,embedding_only,random_forest,10525,1,1_1T,107,0.0,0.0,0.0,W01,2419,none
board_grouped,random_resnet18_embedding_only,Random ResNet-18 embedding only,embedding_only,random_forest,10525,2,1_2,177,0.0,0.0,0.0,W01,2419,none
board_grouped,random_resnet18_embedding_only,Random ResNet-18 embedding only,embedding_only,random_forest,10525,3,2_1,185,0.0,0.0,0.0,W01,2419,none
board_grouped,random_resnet18_embedding_only,Random ResNet-18 embedding only,embedding_only,random_forest,10525,4,higher,1834,0.7587918907736864,1.0,0.8628557986356151,W01,2419,none
board_grouped,random_resnet18_embedding_only,Random ResNet-18 embedding only,embedding_only,random_forest,10574,0,1_1H,74,0.5,0.013513513513513514,0.026315789473684213,W02,2370,none
board_grouped,random_resnet18_embedding_only,Random ResNet-18 embedding only,embedding_only,random_forest,10574,1,1_1T,113,0.0,0.0,0.0,W02,2370,none
board_grouped,random_resnet18_embedding_only,Random ResNet-18 embedding only,embedding_only,random_forest,10574,2,1_2,142,0.0,0.0,0.0,W02,2370,none
board_grouped,random_resnet18_embedding_only,Random ResNet-18 embedding only,embedding_only,random_forest,10574,3,2_1,169,0.0,0.0,0.0,W02,2370,none
board_grouped,random_resnet18_embedding_only,Random ResNet-18 embedding only,embedding_only,random_forest,10574,4,higher,1872,0.7905405405405406,1.0,0.8830188679245283,W02,2370,none
board_grouped,random_resnet18_embedding_only,Random ResNet-18 embedding only,embedding_only,random_forest,11478,0,1_1H,90,0.0,0.0,0.0,W03,1466,none
board_grouped,random_resnet18_embedding_only,Random ResNet-18 embedding only,embedding_only,random_forest,11478,1,1_1T,93,0.0,0.0,0.0,W03,1466,none
board_grouped,random_resnet18_embedding_only,Random ResNet-18 embedding only,embedding_only,random_forest,11478,2,1_2,123,0.0,0.0,0.0,W03,1466,none
board_grouped,random_resnet18_embedding_only,Random ResNet-18 embedding only,embedding_only,random_forest,11478,3,2_1,64,0.0,0.0,0.0,W03,1466,none
board_grouped,random_resnet18_embedding_only,Random ResNet-18 embedding only,embedding_only,random_forest,11478,4,higher,1096,0.747612551159618,1.0,0.8555815768930523,W03,1466,none
board_grouped,random_resnet18_frequency_fusion,Frequency + Random ResNet-18 embedding,frequency_embedding_fusion,balanced_logistic_regression,10211,0,1_1H,129,0.9772727272727273,0.6666666666666666,0.792626728110599,C01,2733,none
board_grouped,random_resnet18_frequency_fusion,Frequency + Random ResNet-18 embedding,frequency_embedding_fusion,balanced_logistic_regression,10211,1,1_1T,170,0.7989949748743719,0.9352941176470588,0.8617886178861789,C01,2733,none
board_grouped,random_resnet18_frequency_fusion,Frequency + Random ResNet-18 embedding,frequency_embedding_fusion,balanced_logistic_regression,10211,2,1_2,57,0.425531914893617,0.3508771929824561,0.38461538461538464,C01,2733,none
board_grouped,random_resnet18_frequency_fusion,Frequency + Random ResNet-18 embedding,frequency_embedding_fusion,balanced_logistic_regression,10211,3,2_1,77,0.4796747967479675,0.7662337662337663,0.5900000000000001,C01,2733,none
board_grouped,random_resnet18_frequency_fusion,Frequency + Random ResNet-18 embedding,frequency_embedding_fusion,balanced_logistic_regression,10211,4,higher,2300,0.9951669595782073,0.9847826086956522,0.9899475524475524,C01,2733,none
board_grouped,random_resnet18_frequency_fusion,Frequency + Random ResNet-18 embedding,frequency_embedding_fusion,balanced_logistic_regression,10625,0,1_1H,134,0.7205882352941176,0.7313432835820896,0.7259259259259259,C02,2319,none
board_grouped,random_resnet18_frequency_fusion,Frequency + Random ResNet-18 embedding,frequency_embedding_fusion,balanced_logistic_regression,10625,1,1_1T,112,0.36633663366336633,0.33035714285714285,0.3474178403755868,C02,2319,none
board_grouped,random_resnet18_frequency_fusion,Frequency + Random ResNet-18 embedding,frequency_embedding_fusion,balanced_logistic_regression,10625,2,1_2,141,0.4,0.028368794326241134,0.052980132450331126,C02,2319,none
board_grouped,random_resnet18_frequency_fusion,Frequency + Random ResNet-18 embedding,frequency_embedding_fusion,balanced_logistic_regression,10625,3,2_1,157,0.3177570093457944,0.43312101910828027,0.36657681940700815,C02,2319,none
board_grouped,random_resnet18_frequency_fusion,Frequency + Random ResNet-18 embedding,frequency_embedding_fusion,balanced_logistic_regression,10625,4,higher,1775,0.94994617868676,0.9943661971830986,0.9716487751169832,C02,2319,none
board_grouped,random_resnet18_frequency_fusion,Frequency + Random ResNet-18 embedding,frequency_embedding_fusion,balanced_logistic_regression,11307,0,1_1H,110,0.7886178861788617,0.8818181818181818,0.832618025751073,C03,1637,none
board_grouped,random_resnet18_frequency_fusion,Frequency + Random ResNet-18 embedding,frequency_embedding_fusion,balanced_logistic_regression,11307,1,1_1T,74,0.4146341463414634,0.6891891891891891,0.5177664974619289,C03,1637,none
board_grouped,random_resnet18_frequency_fusion,Frequency + Random ResNet-18 embedding,frequency_embedding_fusion,balanced_logistic_regression,11307,2,1_2,98,0.9259259259259259,0.25510204081632654,0.4,C03,1637,none
board_grouped,random_resnet18_frequency_fusion,Frequency + Random ResNet-18 embedding,frequency_embedding_fusion,balanced_logistic_regression,11307,3,2_1,117,0.14814814814814814,0.10256410256410256,0.12121212121212123,C03,1637,none
board_grouped,random_resnet18_frequency_fusion,Frequency + Random ResNet-18 embedding,frequency_embedding_fusion,balanced_logistic_regression,11307,4,higher,1238,0.9306313328137179,0.9644588045234249,0.9472431574771917,C03,1637,none
board_grouped,random_resnet18_frequency_fusion,Frequency + Random ResNet-18 embedding,frequency_embedding_fusion,balanced_logistic_regression,10525,0,1_1H,116,0.4496124031007752,1.0,0.6203208556149733,W01,2419,none
board_grouped,random_resnet18_frequency_fusion,Frequency + Random ResNet-18 embedding,frequency_embedding_fusion,balanced_logistic_regression,10525,1,1_1T,107,0.5161290322580645,0.14953271028037382,0.23188405797101444,W01,2419,none
board_grouped,random_resnet18_frequency_fusion,Frequency + Random ResNet-18 embedding,frequency_embedding_fusion,balanced_logistic_regression,10525,2,1_2,177,0.8448275862068966,0.2768361581920904,0.41702127659574467,W01,2419,none
board_grouped,random_resnet18_frequency_fusion,Frequency + Random ResNet-18 embedding,frequency_embedding_fusion,balanced_logistic_regression,10525,3,2_1,185,1.0,0.03783783783783784,0.07291666666666667,W01,2419,none
board_grouped,random_resnet18_frequency_fusion,Frequency + Random ResNet-18 embedding,frequency_embedding_fusion,balanced_logistic_regression,10525,4,higher,1834,0.8871670702179176,0.9989094874591058,0.9397281354193383,W01,2419,none
board_grouped,random_resnet18_frequency_fusion,Frequency + Random ResNet-18 embedding,frequency_embedding_fusion,balanced_logistic_regression,10574,0,1_1H,74,0.4962962962962963,0.9054054054054054,0.6411483253588517,W02,2370,none
board_grouped,random_resnet18_frequency_fusion,Frequency + Random ResNet-18 embedding,frequency_embedding_fusion,balanced_logistic_regression,10574,1,1_1T,113,0.9,0.07964601769911504,0.14634146341463417,W02,2370,none
board_grouped,random_resnet18_frequency_fusion,Frequency + Random ResNet-18 embedding,frequency_embedding_fusion,balanced_logistic_regression,10574,2,1_2,142,0.48660714285714285,0.7676056338028169,0.5956284153005464,W02,2370,none
board_grouped,random_resnet18_frequency_fusion,Frequency + Random ResNet-18 embedding,frequency_embedding_fusion,balanced_logistic_regression,10574,3,2_1,169,0.5704697986577181,0.5029585798816568,0.5345911949685536,W02,2370,none
board_grouped,random_resnet18_frequency_fusion,Frequency + Random ResNet-18 embedding,frequency_embedding_fusion,balanced_logistic_regression,10574,4,higher,1872,0.9951403887688985,0.9845085470085471,0.989795918367347,W02,2370,none
board_grouped,random_resnet18_frequency_fusion,Frequency + Random ResNet-18 embedding,frequency_embedding_fusion,balanced_logistic_regression,11478,0,1_1H,90,1.0,0.13333333333333333,0.23529411764705882,W03,1466,none
board_grouped,random_resnet18_frequency_fusion,Frequency + Random ResNet-18 embedding,frequency_embedding_fusion,balanced_logistic_regression,11478,1,1_1T,93,0.43103448275862066,0.5376344086021505,0.47846889952153104,W03,1466,none
board_grouped,random_resnet18_frequency_fusion,Frequency + Random ResNet-18 embedding,frequency_embedding_fusion,balanced_logistic_regression,11478,2,1_2,123,0.19402985074626866,0.9512195121951219,0.3223140495867769,W03,1466,none
board_grouped,random_resnet18_frequency_fusion,Frequency + Random ResNet-18 embedding,frequency_embedding_fusion,balanced_logistic_regression,11478,3,2_1,64,0.16666666666666666,0.03125,0.05263157894736842,W03,1466,none
board_grouped,random_resnet18_frequency_fusion,Frequency + Random ResNet-18 embedding,frequency_embedding_fusion,balanced_logistic_regression,11478,4,higher,1096,1.0,0.6596715328467153,0.7949422759758109,W03,1466,none
board_grouped,random_resnet18_frequency_fusion,Frequency + Random ResNet-18 embedding,frequency_embedding_fusion,random_forest,10211,0,1_1H,129,1.0,0.8682170542635659,0.9294605809128631,C01,2733,none
board_grouped,random_resnet18_frequency_fusion,Frequency + Random ResNet-18 embedding,frequency_embedding_fusion,random_forest,10211,1,1_1T,170,0.9487179487179487,0.43529411764705883,0.5967741935483871,C01,2733,none
board_grouped,random_resnet18_frequency_fusion,Frequency + Random ResNet-18 embedding,frequency_embedding_fusion,random_forest,10211,2,1_2,57,0.0,0.0,0.0,C01,2733,none
board_grouped,random_resnet18_frequency_fusion,Frequency + Random ResNet-18 embedding,frequency_embedding_fusion,random_forest,10211,3,2_1,77,0.0,0.0,0.0,C01,2733,none
board_grouped,random_resnet18_frequency_fusion,Frequency + Random ResNet-18 embedding,frequency_embedding_fusion,random_forest,10211,4,higher,2300,0.9044435705859222,1.0,0.9498244889531282,C01,2733,none
board_grouped,random_resnet18_frequency_fusion,Frequency + Random ResNet-18 embedding,frequency_embedding_fusion,random_forest,10625,0,1_1H,134,0.989010989010989,0.6716417910447762,0.8,C02,2319,none
board_grouped,random_resnet18_frequency_fusion,Frequency + Random ResNet-18 embedding,frequency_embedding_fusion,random_forest,10625,1,1_1T,112,0.8333333333333334,0.08928571428571429,0.16129032258064516,C02,2319,none
board_grouped,random_resnet18_frequency_fusion,Frequency + Random ResNet-18 embedding,frequency_embedding_fusion,random_forest,10625,2,1_2,141,0.0,0.0,0.0,C02,2319,none
board_grouped,random_resnet18_frequency_fusion,Frequency + Random ResNet-18 embedding,frequency_embedding_fusion,random_forest,10625,3,2_1,157,0.0,0.0,0.0,C02,2319,none
board_grouped,random_resnet18_frequency_fusion,Frequency + Random ResNet-18 embedding,frequency_embedding_fusion,random_forest,10625,4,higher,1775,0.8000902527075813,0.9988732394366198,0.8884991230268103,C02,2319,none
board_grouped,random_resnet18_frequency_fusion,Frequency + Random ResNet-18 embedding,frequency_embedding_fusion,random_forest,11307,0,1_1H,110,0.9782608695652174,0.4090909090909091,0.576923076923077,C03,1637,none
board_grouped,random_resnet18_frequency_fusion,Frequency + Random ResNet-18 embedding,frequency_embedding_fusion,random_forest,11307,1,1_1T,74,1.0,0.02702702702702703,0.052631578947368425,C03,1637,none
board_grouped,random_resnet18_frequency_fusion,Frequency + Random ResNet-18 embedding,frequency_embedding_fusion,random_forest,11307,2,1_2,98,0.0,0.0,0.0,C03,1637,none
board_grouped,random_resnet18_frequency_fusion,Frequency + Random ResNet-18 embedding,frequency_embedding_fusion,random_forest,11307,3,2_1,117,0.0,0.0,0.0,C03,1637,none
board_grouped,random_resnet18_frequency_fusion,Frequency + Random ResNet-18 embedding,frequency_embedding_fusion,random_forest,11307,4,higher,1238,0.7791063561988673,1.0,0.8758401131941987,C03,1637,none
board_grouped,random_resnet18_frequency_fusion,Frequency + Random ResNet-18 embedding,frequency_embedding_fusion,random_forest,10525,0,1_1H,116,1.0,0.3793103448275862,0.5499999999999999,W01,2419,none
board_grouped,random_resnet18_frequency_fusion,Frequency + Random ResNet-18 embedding,frequency_embedding_fusion,random_forest,10525,1,1_1T,107,1.0,0.009345794392523364,0.018518518518518517,W01,2419,none
board_grouped,random_resnet18_frequency_fusion,Frequency + Random ResNet-18 embedding,frequency_embedding_fusion,random_forest,10525,2,1_2,177,0.0,0.0,0.0,W01,2419,none
board_grouped,random_resnet18_frequency_fusion,Frequency + Random ResNet-18 embedding,frequency_embedding_fusion,random_forest,10525,3,2_1,185,0.0,0.0,0.0,W01,2419,none
board_grouped,random_resnet18_frequency_fusion,Frequency + Random ResNet-18 embedding,frequency_embedding_fusion,random_forest,10525,4,higher,1834,0.7725358045492839,1.0,0.8716730038022813,W01,2419,none
board_grouped,random_resnet18_frequency_fusion,Frequency + Random ResNet-18 embedding,frequency_embedding_fusion,random_forest,10574,0,1_1H,74,1.0,0.13513513513513514,0.2380952380952381,W02,2370,none
board_grouped,random_resnet18_frequency_fusion,Frequency + Random ResNet-18 embedding,frequency_embedding_fusion,random_forest,10574,1,1_1T,113,1.0,0.017699115044247787,0.034782608695652174,W02,2370,none
board_grouped,random_resnet18_frequency_fusion,Frequency + Random ResNet-18 embedding,frequency_embedding_fusion,random_forest,10574,2,1_2,142,0.0,0.0,0.0,W02,2370,none
board_grouped,random_resnet18_frequency_fusion,Frequency + Random ResNet-18 embedding,frequency_embedding_fusion,random_forest,10574,3,2_1,169,0.0,0.0,0.0,W02,2370,none
board_grouped,random_resnet18_frequency_fusion,Frequency + Random ResNet-18 embedding,frequency_embedding_fusion,random_forest,10574,4,higher,1872,0.7938931297709924,1.0,0.8851063829787233,W02,2370,none
board_grouped,random_resnet18_frequency_fusion,Frequency + Random ResNet-18 embedding,frequency_embedding_fusion,random_forest,11478,0,1_1H,90,1.0,0.2222222222222222,0.3636363636363636,W03,1466,none
board_grouped,random_resnet18_frequency_fusion,Frequency + Random ResNet-18 embedding,frequency_embedding_fusion,random_forest,11478,1,1_1T,93,0.0,0.0,0.0,W03,1466,none
board_grouped,random_resnet18_frequency_fusion,Frequency + Random ResNet-18 embedding,frequency_embedding_fusion,random_forest,11478,2,1_2,123,1.0,0.032520325203252036,0.06299212598425198,W03,1466,none
board_grouped,random_resnet18_frequency_fusion,Frequency + Random ResNet-18 embedding,frequency_embedding_fusion,random_forest,11478,3,2_1,64,0.0,0.0,0.0,W03,1466,none
board_grouped,random_resnet18_frequency_fusion,Frequency + Random ResNet-18 embedding,frequency_embedding_fusion,random_forest,11478,4,higher,1096,0.7605829285218598,1.0,0.8640126133228223,W03,1466,none
board_grouped,imagenet_resnet18_embedding_only,ImageNet ResNet-18 embedding only,embedding_only,balanced_logistic_regression,10211,0,1_1H,129,0.3438914027149321,0.5891472868217055,0.4342857142857143,C01,2733,none
board_grouped,imagenet_resnet18_embedding_only,ImageNet ResNet-18 embedding only,embedding_only,balanced_logistic_regression,10211,1,1_1T,170,0.1431261770244821,0.4470588235294118,0.21683309557774608,C01,2733,none
board_grouped,imagenet_resnet18_embedding_only,ImageNet ResNet-18 embedding only,embedding_only,balanced_logistic_regression,10211,2,1_2,57,0.0,0.0,0.0,C01,2733,none
board_grouped,imagenet_resnet18_embedding_only,ImageNet ResNet-18 embedding only,embedding_only,balanced_logistic_regression,10211,3,2_1,77,0.008113590263691683,0.05194805194805195,0.014035087719298246,C01,2733,none
board_grouped,imagenet_resnet18_embedding_only,ImageNet ResNet-18 embedding only,embedding_only,balanced_logistic_regression,10211,4,higher,2300,0.950920245398773,0.6065217391304348,0.7406424210246881,C01,2733,none
board_grouped,imagenet_resnet18_embedding_only,ImageNet ResNet-18 embedding only,embedding_only,balanced_logistic_regression,10625,0,1_1H,134,0.30405405405405406,0.6716417910447762,0.4186046511627907,C02,2319,none
board_grouped,imagenet_resnet18_embedding_only,ImageNet ResNet-18 embedding only,embedding_only,balanced_logistic_regression,10625,1,1_1T,112,0.3141025641025641,0.4375,0.36567164179104483,C02,2319,none
board_grouped,imagenet_resnet18_embedding_only,ImageNet ResNet-18 embedding only,embedding_only,balanced_logistic_regression,10625,2,1_2,141,0.18041237113402062,0.24822695035460993,0.208955223880597,C02,2319,none
board_grouped,imagenet_resnet18_embedding_only,ImageNet ResNet-18 embedding only,embedding_only,balanced_logistic_regression,10625,3,2_1,157,0.08370044052863436,0.12101910828025478,0.09895833333333333,C02,2319,none
board_grouped,imagenet_resnet18_embedding_only,ImageNet ResNet-18 embedding only,embedding_only,balanced_logistic_regression,10625,4,higher,1775,0.863762102351314,0.7036619718309859,0.7755355479664701,C02,2319,none
board_grouped,imagenet_resnet18_embedding_only,ImageNet ResNet-18 embedding only,embedding_only,balanced_logistic_regression,11307,0,1_1H,110,0.5771428571428572,0.9181818181818182,0.7087719298245615,C03,1637,none
board_grouped,imagenet_resnet18_embedding_only,ImageNet ResNet-18 embedding only,embedding_only,balanced_logistic_regression,11307,1,1_1T,74,0.13513513513513514,0.06756756756756757,0.0900900900900901,C03,1637,none
board_grouped,imagenet_resnet18_embedding_only,ImageNet ResNet-18 embedding only,embedding_only,balanced_logistic_regression,11307,2,1_2,98,0.1746031746031746,0.11224489795918367,0.13664596273291924,C03,1637,none
board_grouped,imagenet_resnet18_embedding_only,ImageNet ResNet-18 embedding only,embedding_only,balanced_logistic_regression,11307,3,2_1,117,0.24719101123595505,0.18803418803418803,0.21359223300970873,C03,1637,none
board_grouped,imagenet_resnet18_embedding_only,ImageNet ResNet-18 embedding only,embedding_only,balanced_logistic_regression,11307,4,higher,1238,0.8625294579732914,0.8869143780290791,0.8745519713261648,C03,1637,none
board_grouped,imagenet_resnet18_embedding_only,ImageNet ResNet-18 embedding only,embedding_only,balanced_logistic_regression,10525,0,1_1H,116,0.5372340425531915,0.8706896551724138,0.6644736842105263,W01,2419,none
board_grouped,imagenet_resnet18_embedding_only,ImageNet ResNet-18 embedding only,embedding_only,balanced_logistic_regression,10525,1,1_1T,107,0.581081081081081,0.40186915887850466,0.4751381215469613,W01,2419,none
board_grouped,imagenet_resnet18_embedding_only,ImageNet ResNet-18 embedding only,embedding_only,balanced_logistic_regression,10525,2,1_2,177,0.21725239616613418,0.384180790960452,0.27755102040816326,W01,2419,none
board_grouped,imagenet_resnet18_embedding_only,ImageNet ResNet-18 embedding only,embedding_only,balanced_logistic_regression,10525,3,2_1,185,0.2,0.016216216216216217,0.030000000000000002,W01,2419,none
board_grouped,imagenet_resnet18_embedding_only,ImageNet ResNet-18 embedding only,embedding_only,balanced_logistic_regression,10525,4,higher,1834,0.882449425915801,0.8800436205016358,0.8812448812448813,W01,2419,none
board_grouped,imagenet_resnet18_embedding_only,ImageNet ResNet-18 embedding only,embedding_only,balanced_logistic_regression,10574,0,1_1H,74,0.5,0.3108108108108108,0.38333333333333336,W02,2370,none
board_grouped,imagenet_resnet18_embedding_only,ImageNet ResNet-18 embedding only,embedding_only,balanced_logistic_regression,10574,1,1_1T,113,0.20261437908496732,0.2743362831858407,0.23308270676691728,W02,2370,none
board_grouped,imagenet_resnet18_embedding_only,ImageNet ResNet-18 embedding only,embedding_only,balanced_logistic_regression,10574,2,1_2,142,0.011235955056179775,0.007042253521126761,0.008658008658008658,W02,2370,none
board_grouped,imagenet_resnet18_embedding_only,ImageNet ResNet-18 embedding only,embedding_only,balanced_logistic_regression,10574,3,2_1,169,0.2638888888888889,0.22485207100591717,0.24281150159744413,W02,2370,none
board_grouped,imagenet_resnet18_embedding_only,ImageNet ResNet-18 embedding only,embedding_only,balanced_logistic_regression,10574,4,higher,1872,0.8384932920536635,0.8680555555555556,0.8530183727034121,W02,2370,none
board_grouped,imagenet_resnet18_embedding_only,ImageNet ResNet-18 embedding only,embedding_only,balanced_logistic_regression,11478,0,1_1H,90,0.49382716049382713,0.4444444444444444,0.4678362573099415,W03,1466,none
board_grouped,imagenet_resnet18_embedding_only,ImageNet ResNet-18 embedding only,embedding_only,balanced_logistic_regression,11478,1,1_1T,93,0.37579617834394907,0.6344086021505376,0.47200000000000003,W03,1466,none
board_grouped,imagenet_resnet18_embedding_only,ImageNet ResNet-18 embedding only,embedding_only,balanced_logistic_regression,11478,2,1_2,123,0.11538461538461539,0.07317073170731707,0.08955223880597016,W03,1466,none
board_grouped,imagenet_resnet18_embedding_only,ImageNet ResNet-18 embedding only,embedding_only,balanced_logistic_regression,11478,3,2_1,64,0.13333333333333333,0.25,0.1739130434782609,W03,1466,none
board_grouped,imagenet_resnet18_embedding_only,ImageNet ResNet-18 embedding only,embedding_only,balanced_logistic_regression,11478,4,higher,1096,0.858252427184466,0.8065693430656934,0.8316086547507056,W03,1466,none
board_grouped,imagenet_resnet18_embedding_only,ImageNet ResNet-18 embedding only,embedding_only,random_forest,10211,0,1_1H,129,0.2711864406779661,0.12403100775193798,0.1702127659574468,C01,2733,none
board_grouped,imagenet_resnet18_embedding_only,ImageNet ResNet-18 embedding only,embedding_only,random_forest,10211,1,1_1T,170,1.0,0.12352941176470589,0.2198952879581152,C01,2733,none
board_grouped,imagenet_resnet18_embedding_only,ImageNet ResNet-18 embedding only,embedding_only,random_forest,10211,2,1_2,57,0.0,0.0,0.0,C01,2733,none
board_grouped,imagenet_resnet18_embedding_only,ImageNet ResNet-18 embedding only,embedding_only,random_forest,10211,3,2_1,77,0.0,0.0,0.0,C01,2733,none
board_grouped,imagenet_resnet18_embedding_only,ImageNet ResNet-18 embedding only,embedding_only,random_forest,10211,4,higher,2300,0.8669430833019224,1.0,0.9287300625883304,C01,2733,none
board_grouped,imagenet_resnet18_embedding_only,ImageNet ResNet-18 embedding only,embedding_only,random_forest,10625,0,1_1H,134,0.4187725631768953,0.8656716417910447,0.5644768856447688,C02,2319,none
board_grouped,imagenet_resnet18_embedding_only,ImageNet ResNet-18 embedding only,embedding_only,random_forest,10625,1,1_1T,112,0.0,0.0,0.0,C02,2319,none
board_grouped,imagenet_resnet18_embedding_only,ImageNet ResNet-18 embedding only,embedding_only,random_forest,10625,2,1_2,141,0.0,0.0,0.0,C02,2319,none
board_grouped,imagenet_resnet18_embedding_only,ImageNet ResNet-18 embedding only,embedding_only,random_forest,10625,3,2_1,157,0.0,0.0,0.0,C02,2319,none
board_grouped,imagenet_resnet18_embedding_only,ImageNet ResNet-18 embedding only,embedding_only,random_forest,10625,4,higher,1775,0.8122549019607843,0.9335211267605634,0.8686762778505898,C02,2319,none
board_grouped,imagenet_resnet18_embedding_only,ImageNet ResNet-18 embedding only,embedding_only,random_forest,11307,0,1_1H,110,0.9846153846153847,0.5818181818181818,0.7314285714285714,C03,1637,none
board_grouped,imagenet_resnet18_embedding_only,ImageNet ResNet-18 embedding only,embedding_only,random_forest,11307,1,1_1T,74,0.041666666666666664,0.013513513513513514,0.020408163265306124,C03,1637,none
board_grouped,imagenet_resnet18_embedding_only,ImageNet ResNet-18 embedding only,embedding_only,random_forest,11307,2,1_2,98,0.0,0.0,0.0,C03,1637,none
board_grouped,imagenet_resnet18_embedding_only,ImageNet ResNet-18 embedding only,embedding_only,random_forest,11307,3,2_1,117,0.0,0.0,0.0,C03,1637,none
board_grouped,imagenet_resnet18_embedding_only,ImageNet ResNet-18 embedding only,embedding_only,random_forest,11307,4,higher,1238,0.7990956072351422,0.9991922455573505,0.8880114860014358,C03,1637,none
board_grouped,imagenet_resnet18_embedding_only,ImageNet ResNet-18 embedding only,embedding_only,random_forest,10525,0,1_1H,116,0.5833333333333334,0.1206896551724138,0.2,W01,2419,none
board_grouped,imagenet_resnet18_embedding_only,ImageNet ResNet-18 embedding only,embedding_only,random_forest,10525,1,1_1T,107,0.8260869565217391,0.35514018691588783,0.49673202614379086,W01,2419,none
board_grouped,imagenet_resnet18_embedding_only,ImageNet ResNet-18 embedding only,embedding_only,random_forest,10525,2,1_2,177,0.0,0.0,0.0,W01,2419,none
board_grouped,imagenet_resnet18_embedding_only,ImageNet ResNet-18 embedding only,embedding_only,random_forest,10525,3,2_1,185,0.0,0.0,0.0,W01,2419,none
board_grouped,imagenet_resnet18_embedding_only,ImageNet ResNet-18 embedding only,embedding_only,random_forest,10525,4,higher,1834,0.7807577692635164,1.0,0.8768826201290939,W01,2419,none
board_grouped,imagenet_resnet18_embedding_only,ImageNet ResNet-18 embedding only,embedding_only,random_forest,10574,0,1_1H,74,0.0,0.0,0.0,W02,2370,none
board_grouped,imagenet_resnet18_embedding_only,ImageNet ResNet-18 embedding only,embedding_only,random_forest,10574,1,1_1T,113,0.0,0.0,0.0,W02,2370,none
board_grouped,imagenet_resnet18_embedding_only,ImageNet ResNet-18 embedding only,embedding_only,random_forest,10574,2,1_2,142,0.0,0.0,0.0,W02,2370,none
board_grouped,imagenet_resnet18_embedding_only,ImageNet ResNet-18 embedding only,embedding_only,random_forest,10574,3,2_1,169,0.0,0.0,0.0,W02,2370,none
board_grouped,imagenet_resnet18_embedding_only,ImageNet ResNet-18 embedding only,embedding_only,random_forest,10574,4,higher,1872,0.789873417721519,1.0,0.8826025459688825,W02,2370,none
board_grouped,imagenet_resnet18_embedding_only,ImageNet ResNet-18 embedding only,embedding_only,random_forest,11478,0,1_1H,90,0.6666666666666666,0.13333333333333333,0.2222222222222222,W03,1466,none
board_grouped,imagenet_resnet18_embedding_only,ImageNet ResNet-18 embedding only,embedding_only,random_forest,11478,1,1_1T,93,0.68,0.1827956989247312,0.288135593220339,W03,1466,none
board_grouped,imagenet_resnet18_embedding_only,ImageNet ResNet-18 embedding only,embedding_only,random_forest,11478,2,1_2,123,0.0,0.0,0.0,W03,1466,none
board_grouped,imagenet_resnet18_embedding_only,ImageNet ResNet-18 embedding only,embedding_only,random_forest,11478,3,2_1,64,0.0,0.0,0.0,W03,1466,none
board_grouped,imagenet_resnet18_embedding_only,ImageNet ResNet-18 embedding only,embedding_only,random_forest,11478,4,higher,1096,0.7673928320449754,0.9963503649635036,0.8670107185391027,W03,1466,none
board_grouped,imagenet_resnet18_frequency_fusion,Frequency + ImageNet ResNet-18 embedding,frequency_embedding_fusion,balanced_logistic_regression,10211,0,1_1H,129,0.6329113924050633,0.7751937984496124,0.6968641114982579,C01,2733,none
board_grouped,imagenet_resnet18_frequency_fusion,Frequency + ImageNet ResNet-18 embedding,frequency_embedding_fusion,balanced_logistic_regression,10211,1,1_1T,170,0.3257328990228013,0.5882352941176471,0.41928721174004185,C01,2733,none
board_grouped,imagenet_resnet18_frequency_fusion,Frequency + ImageNet ResNet-18 embedding,frequency_embedding_fusion,balanced_logistic_regression,10211,2,1_2,57,0.1111111111111111,0.05263157894736842,0.07142857142857142,C01,2733,none
board_grouped,imagenet_resnet18_frequency_fusion,Frequency + ImageNet ResNet-18 embedding,frequency_embedding_fusion,balanced_logistic_regression,10211,3,2_1,77,0.02654867256637168,0.11688311688311688,0.04326923076923077,C01,2733,none
board_grouped,imagenet_resnet18_frequency_fusion,Frequency + ImageNet ResNet-18 embedding,frequency_embedding_fusion,balanced_logistic_regression,10211,4,higher,2300,0.9994742376445847,0.8265217391304348,0.9048072346501667,C01,2733,none
board_grouped,imagenet_resnet18_frequency_fusion,Frequency + ImageNet ResNet-18 embedding,frequency_embedding_fusion,balanced_logistic_regression,10625,0,1_1H,134,0.7686567164179104,0.7686567164179104,0.7686567164179104,C02,2319,none
board_grouped,imagenet_resnet18_frequency_fusion,Frequency + ImageNet ResNet-18 embedding,frequency_embedding_fusion,balanced_logistic_regression,10625,1,1_1T,112,0.41134751773049644,0.5178571428571429,0.45849802371541504,C02,2319,none
board_grouped,imagenet_resnet18_frequency_fusion,Frequency + ImageNet ResNet-18 embedding,frequency_embedding_fusion,balanced_logistic_regression,10625,2,1_2,141,0.4342105263157895,0.7021276595744681,0.5365853658536586,C02,2319,none
board_grouped,imagenet_resnet18_frequency_fusion,Frequency + ImageNet ResNet-18 embedding,frequency_embedding_fusion,balanced_logistic_regression,10625,3,2_1,157,0.22164948453608246,0.27388535031847133,0.245014245014245,C02,2319,none
board_grouped,imagenet_resnet18_frequency_fusion,Frequency + ImageNet ResNet-18 embedding,frequency_embedding_fusion,balanced_logistic_regression,10625,4,higher,1775,0.9704069050554871,0.8867605633802816,0.9267000294377391,C02,2319,none
board_grouped,imagenet_resnet18_frequency_fusion,Frequency + ImageNet ResNet-18 embedding,frequency_embedding_fusion,balanced_logistic_regression,11307,0,1_1H,110,0.6959459459459459,0.9363636363636364,0.7984496124031008,C03,1637,none
board_grouped,imagenet_resnet18_frequency_fusion,Frequency + ImageNet ResNet-18 embedding,frequency_embedding_fusion,balanced_logistic_regression,11307,1,1_1T,74,0.2857142857142857,0.1891891891891892,0.22764227642276424,C03,1637,none
board_grouped,imagenet_resnet18_frequency_fusion,Frequency + ImageNet ResNet-18 embedding,frequency_embedding_fusion,balanced_logistic_regression,11307,2,1_2,98,0.5882352941176471,0.20408163265306123,0.30303030303030304,C03,1637,none
board_grouped,imagenet_resnet18_frequency_fusion,Frequency + ImageNet ResNet-18 embedding,frequency_embedding_fusion,balanced_logistic_regression,11307,3,2_1,117,0.43846153846153846,0.48717948717948717,0.4615384615384615,C03,1637,none
board_grouped,imagenet_resnet18_frequency_fusion,Frequency + ImageNet ResNet-18 embedding,frequency_embedding_fusion,balanced_logistic_regression,11307,4,higher,1238,0.9310344827586207,0.9596122778675282,0.945107398568019,C03,1637,none
board_grouped,imagenet_resnet18_frequency_fusion,Frequency + ImageNet ResNet-18 embedding,frequency_embedding_fusion,balanced_logistic_regression,10525,0,1_1H,116,0.5279187817258884,0.896551724137931,0.6645367412140575,W01,2419,none
board_grouped,imagenet_resnet18_frequency_fusion,Frequency + ImageNet ResNet-18 embedding,frequency_embedding_fusion,balanced_logistic_regression,10525,1,1_1T,107,0.6075949367088608,0.4485981308411215,0.5161290322580645,W01,2419,none
board_grouped,imagenet_resnet18_frequency_fusion,Frequency + ImageNet ResNet-18 embedding,frequency_embedding_fusion,balanced_logistic_regression,10525,2,1_2,177,0.32558139534883723,0.711864406779661,0.4468085106382979,W01,2419,none
board_grouped,imagenet_resnet18_frequency_fusion,Frequency + ImageNet ResNet-18 embedding,frequency_embedding_fusion,balanced_logistic_regression,10525,3,2_1,185,0.5384615384615384,0.07567567567567568,0.13270142180094788,W01,2419,none
board_grouped,imagenet_resnet18_frequency_fusion,Frequency + ImageNet ResNet-18 embedding,frequency_embedding_fusion,balanced_logistic_regression,10525,4,higher,1834,0.9878612716763006,0.9318429661941112,0.9590347923681257,W01,2419,none
board_grouped,imagenet_resnet18_frequency_fusion,Frequency + ImageNet ResNet-18 embedding,frequency_embedding_fusion,balanced_logistic_regression,10574,0,1_1H,74,0.625,0.6081081081081081,0.6164383561643835,W02,2370,none
board_grouped,imagenet_resnet18_frequency_fusion,Frequency + ImageNet ResNet-18 embedding,frequency_embedding_fusion,balanced_logistic_regression,10574,1,1_1T,113,0.550561797752809,0.4336283185840708,0.4851485148514852,W02,2370,none
board_grouped,imagenet_resnet18_frequency_fusion,Frequency + ImageNet ResNet-18 embedding,frequency_embedding_fusion,balanced_logistic_regression,10574,2,1_2,142,0.16326530612244897,0.056338028169014086,0.0837696335078534,W02,2370,none
board_grouped,imagenet_resnet18_frequency_fusion,Frequency + ImageNet ResNet-18 embedding,frequency_embedding_fusion,balanced_logistic_regression,10574,3,2_1,169,0.3656716417910448,0.28994082840236685,0.3234323432343234,W02,2370,none
board_grouped,imagenet_resnet18_frequency_fusion,Frequency + ImageNet ResNet-18 embedding,frequency_embedding_fusion,balanced_logistic_regression,10574,4,higher,1872,0.9076999012833169,0.9823717948717948,0.943560800410467,W02,2370,none
board_grouped,imagenet_resnet18_frequency_fusion,Frequency + ImageNet ResNet-18 embedding,frequency_embedding_fusion,balanced_logistic_regression,11478,0,1_1H,90,0.7205882352941176,0.5444444444444444,0.620253164556962,W03,1466,none
board_grouped,imagenet_resnet18_frequency_fusion,Frequency + ImageNet ResNet-18 embedding,frequency_embedding_fusion,balanced_logistic_regression,11478,1,1_1T,93,0.6090909090909091,0.7204301075268817,0.6600985221674877,W03,1466,none
board_grouped,imagenet_resnet18_frequency_fusion,Frequency + ImageNet ResNet-18 embedding,frequency_embedding_fusion,balanced_logistic_regression,11478,2,1_2,123,0.4375,0.17073170731707318,0.2456140350877193,W03,1466,none
board_grouped,imagenet_resnet18_frequency_fusion,Frequency + ImageNet ResNet-18 embedding,frequency_embedding_fusion,balanced_logistic_regression,11478,3,2_1,64,0.2894736842105263,0.34375,0.3142857142857143,W03,1466,none
board_grouped,imagenet_resnet18_frequency_fusion,Frequency + ImageNet ResNet-18 embedding,frequency_embedding_fusion,balanced_logistic_regression,11478,4,higher,1096,0.9054982817869416,0.9616788321167883,0.9327433628318583,W03,1466,none
board_grouped,imagenet_resnet18_frequency_fusion,Frequency + ImageNet ResNet-18 embedding,frequency_embedding_fusion,random_forest,10211,0,1_1H,129,0.736,0.7131782945736435,0.7244094488188976,C01,2733,none
board_grouped,imagenet_resnet18_frequency_fusion,Frequency + ImageNet ResNet-18 embedding,frequency_embedding_fusion,random_forest,10211,1,1_1T,170,1.0,0.4588235294117647,0.6290322580645161,C01,2733,none
board_grouped,imagenet_resnet18_frequency_fusion,Frequency + ImageNet ResNet-18 embedding,frequency_embedding_fusion,random_forest,10211,2,1_2,57,0.0,0.0,0.0,C01,2733,none
board_grouped,imagenet_resnet18_frequency_fusion,Frequency + ImageNet ResNet-18 embedding,frequency_embedding_fusion,random_forest,10211,3,2_1,77,0.0,0.0,0.0,C01,2733,none
board_grouped,imagenet_resnet18_frequency_fusion,Frequency + ImageNet ResNet-18 embedding,frequency_embedding_fusion,random_forest,10211,4,higher,2300,0.9090909090909091,1.0,0.9523809523809523,C01,2733,none
board_grouped,imagenet_resnet18_frequency_fusion,Frequency + ImageNet ResNet-18 embedding,frequency_embedding_fusion,random_forest,10625,0,1_1H,134,0.9333333333333333,0.9402985074626866,0.9368029739776952,C02,2319,none
board_grouped,imagenet_resnet18_frequency_fusion,Frequency + ImageNet ResNet-18 embedding,frequency_embedding_fusion,random_forest,10625,1,1_1T,112,0.875,0.125,0.21875,C02,2319,none
board_grouped,imagenet_resnet18_frequency_fusion,Frequency + ImageNet ResNet-18 embedding,frequency_embedding_fusion,random_forest,10625,2,1_2,141,0.0,0.0,0.0,C02,2319,none
board_grouped,imagenet_resnet18_frequency_fusion,Frequency + ImageNet ResNet-18 embedding,frequency_embedding_fusion,random_forest,10625,3,2_1,157,0.0,0.0,0.0,C02,2319,none
board_grouped,imagenet_resnet18_frequency_fusion,Frequency + ImageNet ResNet-18 embedding,frequency_embedding_fusion,random_forest,10625,4,higher,1775,0.8187269372693727,1.0,0.9003296981993407,C02,2319,none
board_grouped,imagenet_resnet18_frequency_fusion,Frequency + ImageNet ResNet-18 embedding,frequency_embedding_fusion,random_forest,11307,0,1_1H,110,1.0,0.9181818181818182,0.957345971563981,C03,1637,none
board_grouped,imagenet_resnet18_frequency_fusion,Frequency + ImageNet ResNet-18 embedding,frequency_embedding_fusion,random_forest,11307,1,1_1T,74,0.6,0.04054054054054054,0.0759493670886076,C03,1637,none
board_grouped,imagenet_resnet18_frequency_fusion,Frequency + ImageNet ResNet-18 embedding,frequency_embedding_fusion,random_forest,11307,2,1_2,98,0.0,0.0,0.0,C03,1637,none
board_grouped,imagenet_resnet18_frequency_fusion,Frequency + ImageNet ResNet-18 embedding,frequency_embedding_fusion,random_forest,11307,3,2_1,117,0.0,0.0,0.0,C03,1637,none
board_grouped,imagenet_resnet18_frequency_fusion,Frequency + ImageNet ResNet-18 embedding,frequency_embedding_fusion,random_forest,11307,4,higher,1238,0.8086218158066623,1.0,0.8941856265799928,C03,1637,none
board_grouped,imagenet_resnet18_frequency_fusion,Frequency + ImageNet ResNet-18 embedding,frequency_embedding_fusion,random_forest,10525,0,1_1H,116,0.9770114942528736,0.7327586206896551,0.8374384236453203,W01,2419,none
board_grouped,imagenet_resnet18_frequency_fusion,Frequency + ImageNet ResNet-18 embedding,frequency_embedding_fusion,random_forest,10525,1,1_1T,107,0.9473684210526315,0.6728971962616822,0.7868852459016392,W01,2419,none
board_grouped,imagenet_resnet18_frequency_fusion,Frequency + ImageNet ResNet-18 embedding,frequency_embedding_fusion,random_forest,10525,2,1_2,177,0.0,0.0,0.0,W01,2419,none
board_grouped,imagenet_resnet18_frequency_fusion,Frequency + ImageNet ResNet-18 embedding,frequency_embedding_fusion,random_forest,10525,3,2_1,185,0.0,0.0,0.0,W01,2419,none
board_grouped,imagenet_resnet18_frequency_fusion,Frequency + ImageNet ResNet-18 embedding,frequency_embedding_fusion,random_forest,10525,4,higher,1834,0.8129432624113475,1.0,0.8968215158924205,W01,2419,none
board_grouped,imagenet_resnet18_frequency_fusion,Frequency + ImageNet ResNet-18 embedding,frequency_embedding_fusion,random_forest,10574,0,1_1H,74,1.0,0.28378378378378377,0.4421052631578947,W02,2370,none
board_grouped,imagenet_resnet18_frequency_fusion,Frequency + ImageNet ResNet-18 embedding,frequency_embedding_fusion,random_forest,10574,1,1_1T,113,1.0,0.11504424778761062,0.20634920634920637,W02,2370,none
board_grouped,imagenet_resnet18_frequency_fusion,Frequency + ImageNet ResNet-18 embedding,frequency_embedding_fusion,random_forest,10574,2,1_2,142,0.0,0.0,0.0,W02,2370,none
board_grouped,imagenet_resnet18_frequency_fusion,Frequency + ImageNet ResNet-18 embedding,frequency_embedding_fusion,random_forest,10574,3,2_1,169,0.0,0.0,0.0,W02,2370,none
board_grouped,imagenet_resnet18_frequency_fusion,Frequency + ImageNet ResNet-18 embedding,frequency_embedding_fusion,random_forest,10574,4,higher,1872,0.8013698630136986,1.0,0.8897338403041826,W02,2370,none
board_grouped,imagenet_resnet18_frequency_fusion,Frequency + ImageNet ResNet-18 embedding,frequency_embedding_fusion,random_forest,11478,0,1_1H,90,1.0,0.9111111111111111,0.9534883720930233,W03,1466,none
board_grouped,imagenet_resnet18_frequency_fusion,Frequency + ImageNet ResNet-18 embedding,frequency_embedding_fusion,random_forest,11478,1,1_1T,93,0.9574468085106383,0.4838709677419355,0.6428571428571429,W03,1466,none
board_grouped,imagenet_resnet18_frequency_fusion,Frequency + ImageNet ResNet-18 embedding,frequency_embedding_fusion,random_forest,11478,2,1_2,123,0.0,0.0,0.0,W03,1466,none
board_grouped,imagenet_resnet18_frequency_fusion,Frequency + ImageNet ResNet-18 embedding,frequency_embedding_fusion,random_forest,11478,3,2_1,64,0.0,0.0,0.0,W03,1466,none
board_grouped,imagenet_resnet18_frequency_fusion,Frequency + ImageNet ResNet-18 embedding,frequency_embedding_fusion,random_forest,11478,4,higher,1096,0.8197456993268512,1.0,0.9009453349773942,W03,1466,none
material_grouped,frequency_only,Frequency only,metadata_only,balanced_logistic_regression,6255,0,1_1H,373,1.0,1.0,1.0,carbon,6689,descriptive stress-test only; two material groups available
material_grouped,frequency_only,Frequency only,metadata_only,balanced_logistic_regression,6255,1,1_1T,356,1.0,1.0,1.0,carbon,6689,descriptive stress-test only; two material groups available
material_grouped,frequency_only,Frequency only,metadata_only,balanced_logistic_regression,6255,2,1_2,296,1.0,0.7094594594594594,0.8300395256916996,carbon,6689,descriptive stress-test only; two material groups available
material_grouped,frequency_only,Frequency only,metadata_only,balanced_logistic_regression,6255,3,2_1,351,0.8032036613272311,1.0,0.8908629441624365,carbon,6689,descriptive stress-test only; two material groups available
material_grouped,frequency_only,Frequency only,metadata_only,balanced_logistic_regression,6255,4,higher,5313,1.0,1.0,1.0,carbon,6689,descriptive stress-test only; two material groups available
material_grouped,frequency_only,Frequency only,metadata_only,balanced_logistic_regression,6689,0,1_1H,280,1.0,1.0,1.0,wood,6255,descriptive stress-test only; two material groups available
material_grouped,frequency_only,Frequency only,metadata_only,balanced_logistic_regression,6689,1,1_1T,313,1.0,1.0,1.0,wood,6255,descriptive stress-test only; two material groups available
material_grouped,frequency_only,Frequency only,metadata_only,balanced_logistic_regression,6689,2,1_2,442,0.7727272727272727,1.0,0.8717948717948718,wood,6255,descriptive stress-test only; two material groups available
material_grouped,frequency_only,Frequency only,metadata_only,balanced_logistic_regression,6689,3,2_1,418,1.0,0.6889952153110048,0.8158640226628896,wood,6255,descriptive stress-test only; two material groups available
material_grouped,frequency_only,Frequency only,metadata_only,balanced_logistic_regression,6689,4,higher,4802,1.0,1.0,1.0,wood,6255,descriptive stress-test only; two material groups available
material_grouped,frequency_only,Frequency only,metadata_only,random_forest,6255,0,1_1H,373,1.0,1.0,1.0,carbon,6689,descriptive stress-test only; two material groups available
material_grouped,frequency_only,Frequency only,metadata_only,random_forest,6255,1,1_1T,356,1.0,1.0,1.0,carbon,6689,descriptive stress-test only; two material groups available
material_grouped,frequency_only,Frequency only,metadata_only,random_forest,6255,2,1_2,296,1.0,0.7094594594594594,0.8300395256916996,carbon,6689,descriptive stress-test only; two material groups available
material_grouped,frequency_only,Frequency only,metadata_only,random_forest,6255,3,2_1,351,0.8032036613272311,1.0,0.8908629441624365,carbon,6689,descriptive stress-test only; two material groups available
material_grouped,frequency_only,Frequency only,metadata_only,random_forest,6255,4,higher,5313,1.0,1.0,1.0,carbon,6689,descriptive stress-test only; two material groups available
material_grouped,frequency_only,Frequency only,metadata_only,random_forest,6689,0,1_1H,280,1.0,1.0,1.0,wood,6255,descriptive stress-test only; two material groups available
material_grouped,frequency_only,Frequency only,metadata_only,random_forest,6689,1,1_1T,313,1.0,1.0,1.0,wood,6255,descriptive stress-test only; two material groups available
material_grouped,frequency_only,Frequency only,metadata_only,random_forest,6689,2,1_2,442,0.7727272727272727,1.0,0.8717948717948718,wood,6255,descriptive stress-test only; two material groups available
material_grouped,frequency_only,Frequency only,metadata_only,random_forest,6689,3,2_1,418,1.0,0.6889952153110048,0.8158640226628896,wood,6255,descriptive stress-test only; two material groups available
material_grouped,frequency_only,Frequency only,metadata_only,random_forest,6689,4,higher,4802,1.0,1.0,1.0,wood,6255,descriptive stress-test only; two material groups available
material_grouped,v6_1_embedding_only,v6.1 embedding only,embedding_only,balanced_logistic_regression,6255,0,1_1H,373,0.724373576309795,0.8525469168900804,0.7832512315270936,carbon,6689,descriptive stress-test only; two material groups available
material_grouped,v6_1_embedding_only,v6.1 embedding only,embedding_only,balanced_logistic_regression,6255,1,1_1T,356,0.9833887043189369,0.8314606741573034,0.9010654490106546,carbon,6689,descriptive stress-test only; two material groups available
material_grouped,v6_1_embedding_only,v6.1 embedding only,embedding_only,balanced_logistic_regression,6255,2,1_2,296,0.3685636856368564,0.918918918918919,0.5261121856866537,carbon,6689,descriptive stress-test only; two material groups available
material_grouped,v6_1_embedding_only,v6.1 embedding only,embedding_only,balanced_logistic_regression,6255,3,2_1,351,0.11711711711711711,0.07407407407407407,0.09075043630017451,carbon,6689,descriptive stress-test only; two material groups available
material_grouped,v6_1_embedding_only,v6.1 embedding only,embedding_only,balanced_logistic_regression,6255,4,higher,5313,0.993185007015434,0.93261810653115,0.9619491360900797,carbon,6689,descriptive stress-test only; two material groups available
material_grouped,v6_1_embedding_only,v6.1 embedding only,embedding_only,balanced_logistic_regression,6689,0,1_1H,280,0.50682261208577,0.9285714285714286,0.6557377049180327,wood,6255,descriptive stress-test only; two material groups available
material_grouped,v6_1_embedding_only,v6.1 embedding only,embedding_only,balanced_logistic_regression,6689,1,1_1T,313,0.6262833675564682,0.9744408945686901,0.7625000000000001,wood,6255,descriptive stress-test only; two material groups available
material_grouped,v6_1_embedding_only,v6.1 embedding only,embedding_only,balanced_logistic_regression,6689,2,1_2,442,0.3837981407702523,0.6538461538461539,0.48368200836820086,wood,6255,descriptive stress-test only; two material groups available
material_grouped,v6_1_embedding_only,v6.1 embedding only,embedding_only,balanced_logistic_regression,6689,3,2_1,418,0.7191919191919192,0.8516746411483254,0.7798466593647316,wood,6255,descriptive stress-test only; two material groups available
material_grouped,v6_1_embedding_only,v6.1 embedding only,embedding_only,balanced_logistic_regression,6689,4,higher,4802,0.9935113551285251,0.8290295710120783,0.9038483369281417,wood,6255,descriptive stress-test only; two material groups available
material_grouped,v6_1_embedding_only,v6.1 embedding only,embedding_only,random_forest,6255,0,1_1H,373,0.9910979228486647,0.8954423592493298,0.9408450704225353,carbon,6689,descriptive stress-test only; two material groups available
material_grouped,v6_1_embedding_only,v6.1 embedding only,embedding_only,random_forest,6255,1,1_1T,356,0.996969696969697,0.9241573033707865,0.9591836734693877,carbon,6689,descriptive stress-test only; two material groups available
material_grouped,v6_1_embedding_only,v6.1 embedding only,embedding_only,random_forest,6255,2,1_2,296,0.8954703832752613,0.8682432432432432,0.8816466552315608,carbon,6689,descriptive stress-test only; two material groups available
material_grouped,v6_1_embedding_only,v6.1 embedding only,embedding_only,random_forest,6255,3,2_1,351,0.8931623931623932,0.5954415954415955,0.7145299145299144,carbon,6689,descriptive stress-test only; two material groups available
material_grouped,v6_1_embedding_only,v6.1 embedding only,embedding_only,random_forest,6255,4,higher,5313,0.9629158334848209,0.9969885187276492,0.9796560014795634,carbon,6689,descriptive stress-test only; two material groups available
material_grouped,v6_1_embedding_only,v6.1 embedding only,embedding_only,random_forest,6689,0,1_1H,280,0.9953271028037384,0.7607142857142857,0.8623481781376517,wood,6255,descriptive stress-test only; two material groups available
material_grouped,v6_1_embedding_only,v6.1 embedding only,embedding_only,random_forest,6689,1,1_1T,313,0.9099378881987578,0.9361022364217252,0.9228346456692913,wood,6255,descriptive stress-test only; two material groups available
material_grouped,v6_1_embedding_only,v6.1 embedding only,embedding_only,random_forest,6689,2,1_2,442,0.8232044198895028,0.6742081447963801,0.7412935323383084,wood,6255,descriptive stress-test only; two material groups available
material_grouped,v6_1_embedding_only,v6.1 embedding only,embedding_only,random_forest,6689,3,2_1,418,0.759825327510917,0.8325358851674641,0.7945205479452055,wood,6255,descriptive stress-test only; two material groups available
material_grouped,v6_1_embedding_only,v6.1 embedding only,embedding_only,random_forest,6689,4,higher,4802,0.9701979995917535,0.9897959183673469,0.9798989794866508,wood,6255,descriptive stress-test only; two material groups available
material_grouped,v6_1_frequency_fusion,Frequency + v6.1 embedding,frequency_embedding_fusion,balanced_logistic_regression,6255,0,1_1H,373,1.0,0.8793565683646113,0.9358059914407988,carbon,6689,descriptive stress-test only; two material groups available
material_grouped,v6_1_frequency_fusion,Frequency + v6.1 embedding,frequency_embedding_fusion,balanced_logistic_regression,6255,1,1_1T,356,0.9937304075235109,0.8904494382022472,0.9392592592592592,carbon,6689,descriptive stress-test only; two material groups available
material_grouped,v6_1_frequency_fusion,Frequency + v6.1 embedding,frequency_embedding_fusion,balanced_logistic_regression,6255,2,1_2,296,0.39798850574712646,0.9358108108108109,0.5584677419354839,carbon,6689,descriptive stress-test only; two material groups available
material_grouped,v6_1_frequency_fusion,Frequency + v6.1 embedding,frequency_embedding_fusion,balanced_logistic_regression,6255,3,2_1,351,0.2740740740740741,0.10541310541310542,0.15226337448559674,carbon,6689,descriptive stress-test only; two material groups available
material_grouped,v6_1_frequency_fusion,Frequency + v6.1 embedding,frequency_embedding_fusion,balanced_logistic_regression,6255,4,higher,5313,0.9994242947610823,0.9802371541501976,0.9897377423033068,carbon,6689,descriptive stress-test only; two material groups available
material_grouped,v6_1_frequency_fusion,Frequency + v6.1 embedding,frequency_embedding_fusion,balanced_logistic_regression,6689,0,1_1H,280,0.9927797833935018,0.9821428571428571,0.9874326750448832,wood,6255,descriptive stress-test only; two material groups available
material_grouped,v6_1_frequency_fusion,Frequency + v6.1 embedding,frequency_embedding_fusion,balanced_logistic_regression,6689,1,1_1T,313,0.9032258064516129,0.9840255591054313,0.9418960244648318,wood,6255,descriptive stress-test only; two material groups available
material_grouped,v6_1_frequency_fusion,Frequency + v6.1 embedding,frequency_embedding_fusion,balanced_logistic_regression,6689,2,1_2,442,0.6674259681093394,0.6628959276018099,0.6651532349602725,wood,6255,descriptive stress-test only; two material groups available
material_grouped,v6_1_frequency_fusion,Frequency + v6.1 embedding,frequency_embedding_fusion,balanced_logistic_regression,6689,3,2_1,418,0.7416173570019724,0.8995215311004785,0.8129729729729731,wood,6255,descriptive stress-test only; two material groups available
material_grouped,v6_1_frequency_fusion,Frequency + v6.1 embedding,frequency_embedding_fusion,balanced_logistic_regression,6689,4,higher,4802,1.0,0.9768846314035818,0.9883071737069419,wood,6255,descriptive stress-test only; two material groups available
material_grouped,v6_1_frequency_fusion,Frequency + v6.1 embedding,frequency_embedding_fusion,random_forest,6255,0,1_1H,373,1.0,0.9249329758713136,0.9610027855153203,carbon,6689,descriptive stress-test only; two material groups available
material_grouped,v6_1_frequency_fusion,Frequency + v6.1 embedding,frequency_embedding_fusion,random_forest,6255,1,1_1T,356,1.0,0.9325842696629213,0.9651162790697675,carbon,6689,descriptive stress-test only; two material groups available
material_grouped,v6_1_frequency_fusion,Frequency + v6.1 embedding,frequency_embedding_fusion,random_forest,6255,2,1_2,296,0.9054054054054054,0.9054054054054054,0.9054054054054054,carbon,6689,descriptive stress-test only; two material groups available
material_grouped,v6_1_frequency_fusion,Frequency + v6.1 embedding,frequency_embedding_fusion,random_forest,6255,3,2_1,351,0.9730941704035875,0.6182336182336182,0.7560975609756098,carbon,6689,descriptive stress-test only; two material groups available
material_grouped,v6_1_frequency_fusion,Frequency + v6.1 embedding,frequency_embedding_fusion,random_forest,6255,4,higher,5313,0.9672310212998362,1.0,0.9833425874514159,carbon,6689,descriptive stress-test only; two material groups available
material_grouped,v6_1_frequency_fusion,Frequency + v6.1 embedding,frequency_embedding_fusion,random_forest,6689,0,1_1H,280,0.9957446808510638,0.8357142857142857,0.90873786407767,wood,6255,descriptive stress-test only; two material groups available
material_grouped,v6_1_frequency_fusion,Frequency + v6.1 embedding,frequency_embedding_fusion,random_forest,6689,1,1_1T,313,0.956386292834891,0.9808306709265175,0.9684542586750788,wood,6255,descriptive stress-test only; two material groups available
material_grouped,v6_1_frequency_fusion,Frequency + v6.1 embedding,frequency_embedding_fusion,random_forest,6689,2,1_2,442,0.8687150837988827,0.7036199095022625,0.7775,wood,6255,descriptive stress-test only; two material groups available
material_grouped,v6_1_frequency_fusion,Frequency + v6.1 embedding,frequency_embedding_fusion,random_forest,6689,3,2_1,418,0.779510022271715,0.8373205741626795,0.8073817762399077,wood,6255,descriptive stress-test only; two material groups available
material_grouped,v6_1_frequency_fusion,Frequency + v6.1 embedding,frequency_embedding_fusion,random_forest,6689,4,higher,4802,0.9777187244480785,0.9960433152852978,0.986795956261605,wood,6255,descriptive stress-test only; two material groups available
material_grouped,v6_2_a_embedding_only,v6.2-A embedding only,embedding_only,balanced_logistic_regression,6255,0,1_1H,373,0.8520286396181385,0.9571045576407506,0.9015151515151515,carbon,6689,descriptive stress-test only; two material groups available
material_grouped,v6_2_a_embedding_only,v6.2-A embedding only,embedding_only,balanced_logistic_regression,6255,1,1_1T,356,0.9762611275964391,0.9241573033707865,0.9494949494949494,carbon,6689,descriptive stress-test only; two material groups available
material_grouped,v6_2_a_embedding_only,v6.2-A embedding only,embedding_only,balanced_logistic_regression,6255,2,1_2,296,0.9163763066202091,0.8885135135135135,0.902229845626072,carbon,6689,descriptive stress-test only; two material groups available
material_grouped,v6_2_a_embedding_only,v6.2-A embedding only,embedding_only,balanced_logistic_regression,6255,3,2_1,351,0.9518072289156626,0.9002849002849003,0.925329428989751,carbon,6689,descriptive stress-test only; two material groups available
material_grouped,v6_2_a_embedding_only,v6.2-A embedding only,embedding_only,balanced_logistic_regression,6255,4,higher,5313,0.982122694768536,0.9823075475249389,0.9822151124494214,carbon,6689,descriptive stress-test only; two material groups available
material_grouped,v6_2_a_embedding_only,v6.2-A embedding only,embedding_only,balanced_logistic_regression,6689,0,1_1H,280,0.87248322147651,0.9285714285714286,0.8996539792387543,wood,6255,descriptive stress-test only; two material groups available
material_grouped,v6_2_a_embedding_only,v6.2-A embedding only,embedding_only,balanced_logistic_regression,6689,1,1_1T,313,0.9,0.9488817891373802,0.9237947122861586,wood,6255,descriptive stress-test only; two material groups available
material_grouped,v6_2_a_embedding_only,v6.2-A embedding only,embedding_only,balanced_logistic_regression,6689,2,1_2,442,0.7054794520547946,0.9321266968325792,0.8031189083820662,wood,6255,descriptive stress-test only; two material groups available
material_grouped,v6_2_a_embedding_only,v6.2-A embedding only,embedding_only,balanced_logistic_regression,6689,3,2_1,418,0.8232662192393736,0.8803827751196173,0.8508670520231213,wood,6255,descriptive stress-test only; two material groups available
material_grouped,v6_2_a_embedding_only,v6.2-A embedding only,embedding_only,balanced_logistic_regression,6689,4,higher,4802,0.9943429068755439,0.9516867971678468,0.9725473505001064,wood,6255,descriptive stress-test only; two material groups available
material_grouped,v6_2_a_embedding_only,v6.2-A embedding only,embedding_only,random_forest,6255,0,1_1H,373,0.926509186351706,0.9463806970509383,0.9363395225464192,carbon,6689,descriptive stress-test only; two material groups available
material_grouped,v6_2_a_embedding_only,v6.2-A embedding only,embedding_only,random_forest,6255,1,1_1T,356,0.9939577039274925,0.9241573033707865,0.9577874818049491,carbon,6689,descriptive stress-test only; two material groups available
material_grouped,v6_2_a_embedding_only,v6.2-A embedding only,embedding_only,random_forest,6255,2,1_2,296,0.9959839357429718,0.8378378378378378,0.9100917431192661,carbon,6689,descriptive stress-test only; two material groups available
material_grouped,v6_2_a_embedding_only,v6.2-A embedding only,embedding_only,random_forest,6255,3,2_1,351,0.9748427672955975,0.8831908831908832,0.9267563527653214,carbon,6689,descriptive stress-test only; two material groups available
material_grouped,v6_2_a_embedding_only,v6.2-A embedding only,embedding_only,random_forest,6255,4,higher,5313,0.9767097966728281,0.9945416901938641,0.985545089993472,carbon,6689,descriptive stress-test only; two material groups available
material_grouped,v6_2_a_embedding_only,v6.2-A embedding only,embedding_only,random_forest,6689,0,1_1H,280,0.9960474308300395,0.9,0.9455909943714823,wood,6255,descriptive stress-test only; two material groups available
material_grouped,v6_2_a_embedding_only,v6.2-A embedding only,embedding_only,random_forest,6689,1,1_1T,313,0.9573770491803278,0.9329073482428115,0.9449838187702265,wood,6255,descriptive stress-test only; two material groups available
material_grouped,v6_2_a_embedding_only,v6.2-A embedding only,embedding_only,random_forest,6689,2,1_2,442,0.9117647058823529,0.9117647058823529,0.9117647058823528,wood,6255,descriptive stress-test only; two material groups available
material_grouped,v6_2_a_embedding_only,v6.2-A embedding only,embedding_only,random_forest,6689,3,2_1,418,0.9038461538461539,0.8995215311004785,0.9016786570743405,wood,6255,descriptive stress-test only; two material groups available
material_grouped,v6_2_a_embedding_only,v6.2-A embedding only,embedding_only,random_forest,6689,4,higher,4802,0.9811944616656334,0.9887546855476884,0.9849600663831553,wood,6255,descriptive stress-test only; two material groups available
material_grouped,v6_2_a_frequency_fusion,Frequency + v6.2-A embedding,frequency_embedding_fusion,balanced_logistic_regression,6255,0,1_1H,373,0.9312977099236641,0.9812332439678284,0.9556135770234987,carbon,6689,descriptive stress-test only; two material groups available
material_grouped,v6_2_a_frequency_fusion,Frequency + v6.2-A embedding,frequency_embedding_fusion,balanced_logistic_regression,6255,1,1_1T,356,0.9969604863221885,0.9213483146067416,0.9576642335766424,carbon,6689,descriptive stress-test only; two material groups available
material_grouped,v6_2_a_frequency_fusion,Frequency + v6.2-A embedding,frequency_embedding_fusion,balanced_logistic_regression,6255,2,1_2,296,0.9241379310344827,0.9054054054054054,0.9146757679180887,carbon,6689,descriptive stress-test only; two material groups available
material_grouped,v6_2_a_frequency_fusion,Frequency + v6.2-A embedding,frequency_embedding_fusion,balanced_logistic_regression,6255,3,2_1,351,0.9577039274924471,0.9031339031339032,0.9296187683284457,carbon,6689,descriptive stress-test only; two material groups available
material_grouped,v6_2_a_frequency_fusion,Frequency + v6.2-A embedding,frequency_embedding_fusion,balanced_logistic_regression,6255,4,higher,5313,0.9857837635615413,0.9919066440805572,0.988835725677831,carbon,6689,descriptive stress-test only; two material groups available
material_grouped,v6_2_a_frequency_fusion,Frequency + v6.2-A embedding,frequency_embedding_fusion,balanced_logistic_regression,6689,0,1_1H,280,0.9057239057239057,0.9607142857142857,0.9324090121317157,wood,6255,descriptive stress-test only; two material groups available
material_grouped,v6_2_a_frequency_fusion,Frequency + v6.2-A embedding,frequency_embedding_fusion,balanced_logistic_regression,6689,1,1_1T,313,0.9837133550488599,0.9648562300319489,0.9741935483870968,wood,6255,descriptive stress-test only; two material groups available
material_grouped,v6_2_a_frequency_fusion,Frequency + v6.2-A embedding,frequency_embedding_fusion,balanced_logistic_regression,6689,2,1_2,442,0.822,0.9298642533936652,0.8726114649681529,wood,6255,descriptive stress-test only; two material groups available
material_grouped,v6_2_a_frequency_fusion,Frequency + v6.2-A embedding,frequency_embedding_fusion,balanced_logistic_regression,6689,3,2_1,418,0.8606741573033708,0.916267942583732,0.8876013904982618,wood,6255,descriptive stress-test only; two material groups available
material_grouped,v6_2_a_frequency_fusion,Frequency + v6.2-A embedding,frequency_embedding_fusion,balanced_logistic_regression,6689,4,higher,4802,0.9995750106247344,0.9795918367346939,0.9894825410180902,wood,6255,descriptive stress-test only; two material groups available
material_grouped,v6_2_a_frequency_fusion,Frequency + v6.2-A embedding,frequency_embedding_fusion,random_forest,6255,0,1_1H,373,0.9436997319034852,0.9436997319034852,0.9436997319034852,carbon,6689,descriptive stress-test only; two material groups available
material_grouped,v6_2_a_frequency_fusion,Frequency + v6.2-A embedding,frequency_embedding_fusion,random_forest,6255,1,1_1T,356,0.9909638554216867,0.9241573033707865,0.9563953488372093,carbon,6689,descriptive stress-test only; two material groups available
material_grouped,v6_2_a_frequency_fusion,Frequency + v6.2-A embedding,frequency_embedding_fusion,random_forest,6255,2,1_2,296,0.996,0.8412162162162162,0.9120879120879121,carbon,6689,descriptive stress-test only; two material groups available
material_grouped,v6_2_a_frequency_fusion,Frequency + v6.2-A embedding,frequency_embedding_fusion,random_forest,6255,3,2_1,351,0.9719626168224299,0.8888888888888888,0.9285714285714285,carbon,6689,descriptive stress-test only; two material groups available
material_grouped,v6_2_a_frequency_fusion,Frequency + v6.2-A embedding,frequency_embedding_fusion,random_forest,6255,4,higher,5313,0.9772769259190837,0.9956709956709957,0.9863882155509975,carbon,6689,descriptive stress-test only; two material groups available
material_grouped,v6_2_a_frequency_fusion,Frequency + v6.2-A embedding,frequency_embedding_fusion,random_forest,6689,0,1_1H,280,0.9960629921259843,0.9035714285714286,0.9475655430711611,wood,6255,descriptive stress-test only; two material groups available
material_grouped,v6_2_a_frequency_fusion,Frequency + v6.2-A embedding,frequency_embedding_fusion,random_forest,6689,1,1_1T,313,0.9798657718120806,0.9329073482428115,0.955810147299509,wood,6255,descriptive stress-test only; two material groups available
material_grouped,v6_2_a_frequency_fusion,Frequency + v6.2-A embedding,frequency_embedding_fusion,random_forest,6689,2,1_2,442,0.9204545454545454,0.916289592760181,0.9183673469387754,wood,6255,descriptive stress-test only; two material groups available
material_grouped,v6_2_a_frequency_fusion,Frequency + v6.2-A embedding,frequency_embedding_fusion,random_forest,6689,3,2_1,418,0.9240196078431373,0.9019138755980861,0.9128329297820823,wood,6255,descriptive stress-test only; two material groups available
material_grouped,v6_2_a_frequency_fusion,Frequency + v6.2-A embedding,frequency_embedding_fusion,random_forest,6689,4,higher,4802,0.9829042224510813,0.9937526030820492,0.9882986434710572,wood,6255,descriptive stress-test only; two material groups available
material_grouped,random_resnet18_embedding_only,Random ResNet-18 embedding only,embedding_only,balanced_logistic_regression,6255,0,1_1H,373,0.16,0.09651474530831099,0.12040133779264214,carbon,6689,descriptive stress-test only; two material groups available
material_grouped,random_resnet18_embedding_only,Random ResNet-18 embedding only,embedding_only,balanced_logistic_regression,6255,1,1_1T,356,0.1377551020408163,0.07584269662921349,0.09782608695652174,carbon,6689,descriptive stress-test only; two material groups available
material_grouped,random_resnet18_embedding_only,Random ResNet-18 embedding only,embedding_only,balanced_logistic_regression,6255,2,1_2,296,0.03787878787878788,0.016891891891891893,0.023364485981308414,carbon,6689,descriptive stress-test only; two material groups available
material_grouped,random_resnet18_embedding_only,Random ResNet-18 embedding only,embedding_only,balanced_logistic_regression,6255,3,2_1,351,0.08494208494208494,0.06267806267806268,0.0721311475409836,carbon,6689,descriptive stress-test only; two material groups available
material_grouped,random_resnet18_embedding_only,Random ResNet-18 embedding only,embedding_only,balanced_logistic_regression,6255,4,higher,5313,0.8279734558448187,0.9158667419536984,0.8697050938337801,carbon,6689,descriptive stress-test only; two material groups available
material_grouped,random_resnet18_embedding_only,Random ResNet-18 embedding only,embedding_only,balanced_logistic_regression,6689,0,1_1H,280,0.135678391959799,0.19285714285714287,0.1592920353982301,wood,6255,descriptive stress-test only; two material groups available
material_grouped,random_resnet18_embedding_only,Random ResNet-18 embedding only,embedding_only,balanced_logistic_regression,6689,1,1_1T,313,0.016129032258064516,0.003194888178913738,0.005333333333333333,wood,6255,descriptive stress-test only; two material groups available
material_grouped,random_resnet18_embedding_only,Random ResNet-18 embedding only,embedding_only,balanced_logistic_regression,6689,2,1_2,442,0.1684652278177458,0.6357466063348416,0.2663507109004739,wood,6255,descriptive stress-test only; two material groups available
material_grouped,random_resnet18_embedding_only,Random ResNet-18 embedding only,embedding_only,balanced_logistic_regression,6689,3,2_1,418,0.1945945945945946,0.0861244019138756,0.11940298507462689,wood,6255,descriptive stress-test only; two material groups available
material_grouped,random_resnet18_embedding_only,Random ResNet-18 embedding only,embedding_only,balanced_logistic_regression,6689,4,higher,4802,0.8987823439878234,0.7378175760099959,0.8103842634949681,wood,6255,descriptive stress-test only; two material groups available
material_grouped,random_resnet18_embedding_only,Random ResNet-18 embedding only,embedding_only,random_forest,6255,0,1_1H,373,0.14285714285714285,0.002680965147453083,0.005263157894736842,carbon,6689,descriptive stress-test only; two material groups available
material_grouped,random_resnet18_embedding_only,Random ResNet-18 embedding only,embedding_only,random_forest,6255,1,1_1T,356,0.16964285714285715,0.05337078651685393,0.0811965811965812,carbon,6689,descriptive stress-test only; two material groups available
material_grouped,random_resnet18_embedding_only,Random ResNet-18 embedding only,embedding_only,random_forest,6255,2,1_2,296,0.0,0.0,0.0,carbon,6689,descriptive stress-test only; two material groups available
material_grouped,random_resnet18_embedding_only,Random ResNet-18 embedding only,embedding_only,random_forest,6255,3,2_1,351,0.0,0.0,0.0,carbon,6689,descriptive stress-test only; two material groups available
material_grouped,random_resnet18_embedding_only,Random ResNet-18 embedding only,embedding_only,random_forest,6255,4,higher,5313,0.7983257229832572,0.9872012045925089,0.8827737103425061,carbon,6689,descriptive stress-test only; two material groups available
material_grouped,random_resnet18_embedding_only,Random ResNet-18 embedding only,embedding_only,random_forest,6689,0,1_1H,280,0.1111111111111111,0.0035714285714285713,0.006920415224913494,wood,6255,descriptive stress-test only; two material groups available
material_grouped,random_resnet18_embedding_only,Random ResNet-18 embedding only,embedding_only,random_forest,6689,1,1_1T,313,0.0,0.0,0.0,wood,6255,descriptive stress-test only; two material groups available
material_grouped,random_resnet18_embedding_only,Random ResNet-18 embedding only,embedding_only,random_forest,6689,2,1_2,442,0.0,0.0,0.0,wood,6255,descriptive stress-test only; two material groups available
material_grouped,random_resnet18_embedding_only,Random ResNet-18 embedding only,embedding_only,random_forest,6689,3,2_1,418,0.0,0.0,0.0,wood,6255,descriptive stress-test only; two material groups available
material_grouped,random_resnet18_embedding_only,Random ResNet-18 embedding only,embedding_only,random_forest,6689,4,higher,4802,0.7683317323086776,0.9993752603082049,0.8687545257060101,wood,6255,descriptive stress-test only; two material groups available
material_grouped,random_resnet18_frequency_fusion,Frequency + Random ResNet-18 embedding,frequency_embedding_fusion,balanced_logistic_regression,6255,0,1_1H,373,0.3391003460207612,0.26273458445040215,0.29607250755287007,carbon,6689,descriptive stress-test only; two material groups available
material_grouped,random_resnet18_frequency_fusion,Frequency + Random ResNet-18 embedding,frequency_embedding_fusion,balanced_logistic_regression,6255,1,1_1T,356,0.30963302752293576,0.3792134831460674,0.3409090909090909,carbon,6689,descriptive stress-test only; two material groups available
material_grouped,random_resnet18_frequency_fusion,Frequency + Random ResNet-18 embedding,frequency_embedding_fusion,balanced_logistic_regression,6255,2,1_2,296,0.1527777777777778,0.037162162162162164,0.05978260869565217,carbon,6689,descriptive stress-test only; two material groups available
material_grouped,random_resnet18_frequency_fusion,Frequency + Random ResNet-18 embedding,frequency_embedding_fusion,balanced_logistic_regression,6255,3,2_1,351,0.20595533498759305,0.23646723646723647,0.22015915119363394,carbon,6689,descriptive stress-test only; two material groups available
material_grouped,random_resnet18_frequency_fusion,Frequency + Random ResNet-18 embedding,frequency_embedding_fusion,balanced_logistic_regression,6255,4,higher,5313,0.9344142831116778,0.9653679653679653,0.9496389557489353,carbon,6689,descriptive stress-test only; two material groups available
material_grouped,random_resnet18_frequency_fusion,Frequency + Random ResNet-18 embedding,frequency_embedding_fusion,balanced_logistic_regression,6689,0,1_1H,280,0.40641711229946526,0.5428571428571428,0.46483180428134563,wood,6255,descriptive stress-test only; two material groups available
material_grouped,random_resnet18_frequency_fusion,Frequency + Random ResNet-18 embedding,frequency_embedding_fusion,balanced_logistic_regression,6689,1,1_1T,313,0.10526315789473684,0.012779552715654952,0.022792022792022793,wood,6255,descriptive stress-test only; two material groups available
material_grouped,random_resnet18_frequency_fusion,Frequency + Random ResNet-18 embedding,frequency_embedding_fusion,balanced_logistic_regression,6689,2,1_2,442,0.25036390101892286,0.7782805429864253,0.3788546255506608,wood,6255,descriptive stress-test only; two material groups available
material_grouped,random_resnet18_frequency_fusion,Frequency + Random ResNet-18 embedding,frequency_embedding_fusion,balanced_logistic_regression,6689,3,2_1,418,0.3010752688172043,0.1339712918660287,0.18543046357615894,wood,6255,descriptive stress-test only; two material groups available
material_grouped,random_resnet18_frequency_fusion,Frequency + Random ResNet-18 embedding,frequency_embedding_fusion,balanced_logistic_regression,6689,4,higher,4802,0.971982255428438,0.8669304456476468,0.9164556962025315,wood,6255,descriptive stress-test only; two material groups available
material_grouped,random_resnet18_frequency_fusion,Frequency + Random ResNet-18 embedding,frequency_embedding_fusion,random_forest,6255,0,1_1H,373,0.9946808510638298,0.5013404825737265,0.6666666666666666,carbon,6689,descriptive stress-test only; two material groups available
material_grouped,random_resnet18_frequency_fusion,Frequency + Random ResNet-18 embedding,frequency_embedding_fusion,random_forest,6255,1,1_1T,356,0.6588235294117647,0.15730337078651685,0.25396825396825395,carbon,6689,descriptive stress-test only; two material groups available
material_grouped,random_resnet18_frequency_fusion,Frequency + Random ResNet-18 embedding,frequency_embedding_fusion,random_forest,6255,2,1_2,296,0.0,0.0,0.0,carbon,6689,descriptive stress-test only; two material groups available
material_grouped,random_resnet18_frequency_fusion,Frequency + Random ResNet-18 embedding,frequency_embedding_fusion,random_forest,6255,3,2_1,351,0.0,0.0,0.0,carbon,6689,descriptive stress-test only; two material groups available
material_grouped,random_resnet18_frequency_fusion,Frequency + Random ResNet-18 embedding,frequency_embedding_fusion,random_forest,6255,4,higher,5313,0.8274625935162094,0.9992471296819123,0.905277517264899,carbon,6689,descriptive stress-test only; two material groups available
material_grouped,random_resnet18_frequency_fusion,Frequency + Random ResNet-18 embedding,frequency_embedding_fusion,random_forest,6689,0,1_1H,280,0.9803921568627451,0.17857142857142858,0.3021148036253777,wood,6255,descriptive stress-test only; two material groups available
material_grouped,random_resnet18_frequency_fusion,Frequency + Random ResNet-18 embedding,frequency_embedding_fusion,random_forest,6689,1,1_1T,313,0.0,0.0,0.0,wood,6255,descriptive stress-test only; two material groups available
material_grouped,random_resnet18_frequency_fusion,Frequency + Random ResNet-18 embedding,frequency_embedding_fusion,random_forest,6689,2,1_2,442,0.7272727272727273,0.01809954751131222,0.03532008830022075,wood,6255,descriptive stress-test only; two material groups available
material_grouped,random_resnet18_frequency_fusion,Frequency + Random ResNet-18 embedding,frequency_embedding_fusion,random_forest,6689,3,2_1,418,0.0,0.0,0.0,wood,6255,descriptive stress-test only; two material groups available
material_grouped,random_resnet18_frequency_fusion,Frequency + Random ResNet-18 embedding,frequency_embedding_fusion,random_forest,6689,4,higher,4802,0.7753915711286937,1.0,0.8734879490677582,wood,6255,descriptive stress-test only; two material groups available
material_grouped,imagenet_resnet18_embedding_only,ImageNet ResNet-18 embedding only,embedding_only,balanced_logistic_regression,6255,0,1_1H,373,0.07606263982102908,0.45576407506702415,0.13036809815950923,carbon,6689,descriptive stress-test only; two material groups available
material_grouped,imagenet_resnet18_embedding_only,ImageNet ResNet-18 embedding only,embedding_only,balanced_logistic_regression,6255,1,1_1T,356,0.08652037617554859,0.38764044943820225,0.14146591491542798,carbon,6689,descriptive stress-test only; two material groups available
material_grouped,imagenet_resnet18_embedding_only,ImageNet ResNet-18 embedding only,embedding_only,balanced_logistic_regression,6255,2,1_2,296,0.049786628733997154,0.11824324324324324,0.07007007007007006,carbon,6689,descriptive stress-test only; two material groups available
material_grouped,imagenet_resnet18_embedding_only,ImageNet ResNet-18 embedding only,embedding_only,balanced_logistic_regression,6255,3,2_1,351,0.04,0.002849002849002849,0.005319148936170213,carbon,6689,descriptive stress-test only; two material groups available
material_grouped,imagenet_resnet18_embedding_only,ImageNet ResNet-18 embedding only,embedding_only,balanced_logistic_regression,6255,4,higher,5313,0.8629751290473956,0.3461321287408244,0.4940891993551853,carbon,6689,descriptive stress-test only; two material groups available
material_grouped,imagenet_resnet18_embedding_only,ImageNet ResNet-18 embedding only,embedding_only,balanced_logistic_regression,6689,0,1_1H,280,0.21881390593047034,0.3821428571428571,0.27828348504551365,wood,6255,descriptive stress-test only; two material groups available
material_grouped,imagenet_resnet18_embedding_only,ImageNet ResNet-18 embedding only,embedding_only,balanced_logistic_regression,6689,1,1_1T,313,0.26519337016574585,0.30670926517571884,0.28444444444444444,wood,6255,descriptive stress-test only; two material groups available
material_grouped,imagenet_resnet18_embedding_only,ImageNet ResNet-18 embedding only,embedding_only,balanced_logistic_regression,6689,2,1_2,442,0.21739130434782608,0.02262443438914027,0.040983606557377046,wood,6255,descriptive stress-test only; two material groups available
material_grouped,imagenet_resnet18_embedding_only,ImageNet ResNet-18 embedding only,embedding_only,balanced_logistic_regression,6689,3,2_1,418,0.0,0.0,0.0,wood,6255,descriptive stress-test only; two material groups available
material_grouped,imagenet_resnet18_embedding_only,ImageNet ResNet-18 embedding only,embedding_only,balanced_logistic_regression,6689,4,higher,4802,0.8134482112755198,0.9044148271553519,0.8565230253426684,wood,6255,descriptive stress-test only; two material groups available
material_grouped,imagenet_resnet18_embedding_only,ImageNet ResNet-18 embedding only,embedding_only,random_forest,6255,0,1_1H,373,0.7142857142857143,0.13404825737265416,0.22573363431151242,carbon,6689,descriptive stress-test only; two material groups available
material_grouped,imagenet_resnet18_embedding_only,ImageNet ResNet-18 embedding only,embedding_only,random_forest,6255,1,1_1T,356,0.334375,0.300561797752809,0.31656804733727806,carbon,6689,descriptive stress-test only; two material groups available
material_grouped,imagenet_resnet18_embedding_only,ImageNet ResNet-18 embedding only,embedding_only,random_forest,6255,2,1_2,296,0.0,0.0,0.0,carbon,6689,descriptive stress-test only; two material groups available
material_grouped,imagenet_resnet18_embedding_only,ImageNet ResNet-18 embedding only,embedding_only,random_forest,6255,3,2_1,351,0.0,0.0,0.0,carbon,6689,descriptive stress-test only; two material groups available
material_grouped,imagenet_resnet18_embedding_only,ImageNet ResNet-18 embedding only,embedding_only,random_forest,6255,4,higher,5313,0.8293379901571678,0.9832486354225485,0.8997588701343439,carbon,6689,descriptive stress-test only; two material groups available
material_grouped,imagenet_resnet18_embedding_only,ImageNet ResNet-18 embedding only,embedding_only,random_forest,6689,0,1_1H,280,0.4444444444444444,0.014285714285714285,0.027681660899653977,wood,6255,descriptive stress-test only; two material groups available
material_grouped,imagenet_resnet18_embedding_only,ImageNet ResNet-18 embedding only,embedding_only,random_forest,6689,1,1_1T,313,0.8333333333333334,0.01597444089456869,0.031347962382445145,wood,6255,descriptive stress-test only; two material groups available
material_grouped,imagenet_resnet18_embedding_only,ImageNet ResNet-18 embedding only,embedding_only,random_forest,6689,2,1_2,442,0.0,0.0,0.0,wood,6255,descriptive stress-test only; two material groups available
material_grouped,imagenet_resnet18_embedding_only,ImageNet ResNet-18 embedding only,embedding_only,random_forest,6689,3,2_1,418,0.0,0.0,0.0,wood,6255,descriptive stress-test only; two material groups available
material_grouped,imagenet_resnet18_embedding_only,ImageNet ResNet-18 embedding only,embedding_only,random_forest,6689,4,higher,4802,0.7695512820512821,1.0,0.8697699692084767,wood,6255,descriptive stress-test only; two material groups available
material_grouped,imagenet_resnet18_frequency_fusion,Frequency + ImageNet ResNet-18 embedding,frequency_embedding_fusion,balanced_logistic_regression,6255,0,1_1H,373,0.17067307692307693,0.3806970509383378,0.2356846473029046,carbon,6689,descriptive stress-test only; two material groups available
material_grouped,imagenet_resnet18_frequency_fusion,Frequency + ImageNet ResNet-18 embedding,frequency_embedding_fusion,balanced_logistic_regression,6255,1,1_1T,356,0.08336877924287538,0.550561797752809,0.14480975249353528,carbon,6689,descriptive stress-test only; two material groups available
material_grouped,imagenet_resnet18_frequency_fusion,Frequency + ImageNet ResNet-18 embedding,frequency_embedding_fusion,balanced_logistic_regression,6255,2,1_2,296,0.13378684807256236,0.19932432432432431,0.16010854816824965,carbon,6689,descriptive stress-test only; two material groups available
material_grouped,imagenet_resnet18_frequency_fusion,Frequency + ImageNet ResNet-18 embedding,frequency_embedding_fusion,balanced_logistic_regression,6255,3,2_1,351,0.07692307692307693,0.002849002849002849,0.005494505494505495,carbon,6689,descriptive stress-test only; two material groups available
material_grouped,imagenet_resnet18_frequency_fusion,Frequency + ImageNet ResNet-18 embedding,frequency_embedding_fusion,balanced_logistic_regression,6255,4,higher,5313,0.9616644823066841,0.5524185958968567,0.7017334130304841,carbon,6689,descriptive stress-test only; two material groups available
material_grouped,imagenet_resnet18_frequency_fusion,Frequency + ImageNet ResNet-18 embedding,frequency_embedding_fusion,balanced_logistic_regression,6689,0,1_1H,280,0.3135802469135803,0.45357142857142857,0.3708029197080292,wood,6255,descriptive stress-test only; two material groups available
material_grouped,imagenet_resnet18_frequency_fusion,Frequency + ImageNet ResNet-18 embedding,frequency_embedding_fusion,balanced_logistic_regression,6689,1,1_1T,313,0.182,0.5814696485623003,0.27722772277227725,wood,6255,descriptive stress-test only; two material groups available
material_grouped,imagenet_resnet18_frequency_fusion,Frequency + ImageNet ResNet-18 embedding,frequency_embedding_fusion,balanced_logistic_regression,6689,2,1_2,442,0.24719101123595505,0.049773755656108594,0.08286252354048963,wood,6255,descriptive stress-test only; two material groups available
material_grouped,imagenet_resnet18_frequency_fusion,Frequency + ImageNet ResNet-18 embedding,frequency_embedding_fusion,balanced_logistic_regression,6689,3,2_1,418,0.14285714285714285,0.004784688995215311,0.009259259259259259,wood,6255,descriptive stress-test only; two material groups available
material_grouped,imagenet_resnet18_frequency_fusion,Frequency + ImageNet ResNet-18 embedding,frequency_embedding_fusion,balanced_logistic_regression,6689,4,higher,4802,0.9203707604803033,0.909829237817576,0.9150696408000837,wood,6255,descriptive stress-test only; two material groups available
material_grouped,imagenet_resnet18_frequency_fusion,Frequency + ImageNet ResNet-18 embedding,frequency_embedding_fusion,random_forest,6255,0,1_1H,373,0.9649595687331537,0.9597855227882037,0.9623655913978496,carbon,6689,descriptive stress-test only; two material groups available
material_grouped,imagenet_resnet18_frequency_fusion,Frequency + ImageNet ResNet-18 embedding,frequency_embedding_fusion,random_forest,6255,1,1_1T,356,0.874251497005988,0.4101123595505618,0.5583173996175907,carbon,6689,descriptive stress-test only; two material groups available
material_grouped,imagenet_resnet18_frequency_fusion,Frequency + ImageNet ResNet-18 embedding,frequency_embedding_fusion,random_forest,6255,2,1_2,296,0.0,0.0,0.0,carbon,6689,descriptive stress-test only; two material groups available
material_grouped,imagenet_resnet18_frequency_fusion,Frequency + ImageNet ResNet-18 embedding,frequency_embedding_fusion,random_forest,6255,3,2_1,351,0.0,0.0,0.0,carbon,6689,descriptive stress-test only; two material groups available
material_grouped,imagenet_resnet18_frequency_fusion,Frequency + ImageNet ResNet-18 embedding,frequency_embedding_fusion,random_forest,6255,4,higher,5313,0.8635994147293123,0.9998117824204781,0.9267271458478716,carbon,6689,descriptive stress-test only; two material groups available
material_grouped,imagenet_resnet18_frequency_fusion,Frequency + ImageNet ResNet-18 embedding,frequency_embedding_fusion,random_forest,6689,0,1_1H,280,0.8939393939393939,0.21071428571428572,0.34104046242774566,wood,6255,descriptive stress-test only; two material groups available
material_grouped,imagenet_resnet18_frequency_fusion,Frequency + ImageNet ResNet-18 embedding,frequency_embedding_fusion,random_forest,6689,1,1_1T,313,0.7575757575757576,0.1597444089456869,0.2638522427440633,wood,6255,descriptive stress-test only; two material groups available
material_grouped,imagenet_resnet18_frequency_fusion,Frequency + ImageNet ResNet-18 embedding,frequency_embedding_fusion,random_forest,6689,2,1_2,442,0.0,0.0,0.0,wood,6255,descriptive stress-test only; two material groups available
material_grouped,imagenet_resnet18_frequency_fusion,Frequency + ImageNet ResNet-18 embedding,frequency_embedding_fusion,random_forest,6689,3,2_1,418,0.0,0.0,0.0,wood,6255,descriptive stress-test only; two material groups available
material_grouped,imagenet_resnet18_frequency_fusion,Frequency + ImageNet ResNet-18 embedding,frequency_embedding_fusion,random_forest,6689,4,higher,4802,0.7842560836191409,1.0,0.8790846681922196,wood,6255,descriptive stress-test only; two material groups available
